"","species","country","ISO","status","threat","threat_no_DD","Traded","prod","pet","pet_prod","UT_trade","Cites_trade","HC_trade","IUCN_text_trade","Source","taxa","Order","Family","genus","phyloname","phyloFamily","Body","ED","ED_95_taxa","ED_95_fam","Cites_type","Cites_purpose","Cites_pet","Cites_prod","UT_type","UT_trade_inter","UT_trade_nat","UT_trade_local","UT_trade_all","Cites_year","Cites_appendices","Cites_name","TradeCitesOrg","AppIcites","AppIIcites","AppIIIcites","AppNcites","Cites_splus","Cites_splus_listing","Cites_splus_name","Cites_lookalike","lookalike_only","API","HC_checked","HC_checked_by","keyword","IUCN_text_checked"
"1","Odorrana hosii","Malaysia","MY","LC",0,0,0,0,0,"not-trade",0,0,0,0,NA,"Amphibian","Anura","Ranidae","Odorrana","Odorrana hosii","Ranidae",100,15.3567308001511,"no","no",NA,NA,0,0,NA,NA,NA,NA,NA,"0","0","0",0,0,0,0,0,0,"0","0","0",0,0,NA,NA,0,0
"2","Polypedates otilophus","Malaysia","MY","LC",0,0,1,0,1,"pet",0,0,1,0,"IUCN","Amphibian","Anura","Rhacophoridae","Polypedates","Polypedates otilophus","Rhacophoridae",100,18.7146531622839,"no","no",NA,NA,0,0,NA,NA,NA,NA,NA,"0","0","0",0,0,0,0,0,0,"0","0","0",0,1,"DE","DE",1,0
"3","Philautus mjobergi","Malaysia","MY","NT",0,0,0,0,0,"not-trade",0,0,0,0,NA,"Amphibian","Anura","Rhacophoridae","Philautus","Philautus mjobergi","Rhacophoridae",32,16.4169480346152,"no","no",NA,NA,0,0,NA,NA,NA,NA,NA,"0","0","0",0,0,0,0,0,0,"0","0","0",0,0,NA,NA,0,0
"4","Philautus mjobergi","Malaysia","MY","NT",0,0,0,0,0,"not-trade",0,0,0,0,NA,"Amphibian","Anura","Rhacophoridae","Philautus","Philautus mjobergi","Rhacophoridae",32,16.4169480346152,"no","no",NA,NA,0,0,NA,NA,NA,NA,NA,"0","0","0",0,0,0,0,0,0,"0","0","0",0,0,NA,NA,0,0
"5","Pelophryne misera","Malaysia","MY","VU",1,1,0,0,0,"not-trade",0,0,0,0,NA,"Amphibian","Anura","Bufonidae","Pelophryne","Pelophryne misera","Bufonidae",23,15.7692602258035,"no","no",NA,NA,0,0,NA,NA,NA,NA,NA,"0","0","0",0,0,0,0,0,0,"0","0","0",0,0,NA,NA,0,0
"6","Pelophryne misera","Malaysia","MY","VU",1,1,0,0,0,"not-trade",0,0,0,0,NA,"Amphibian","Anura","Bufonidae","Pelophryne","Pelophryne misera","Bufonidae",23,15.7692602258035,"no","no",NA,NA,0,0,NA,NA,NA,NA,NA,"0","0","0",0,0,0,0,0,0,"0","0","0",0,0,NA,NA,0,0
"7","Ansonia spinulifer","Malaysia","MY","NT",0,0,0,0,0,"not-trade",0,0,0,0,NA,"Amphibian","Anura","Bufonidae","Ansonia","Ansonia spinulifer","Bufonidae",50,25.9109733883634,"no","no",NA,NA,0,0,NA,NA,NA,NA,NA,"0","0","0",0,0,0,0,0,0,"0","0","0",0,0,NA,NA,0,0
"8","Ansonia spinulifer","Malaysia","MY","NT",0,0,0,0,0,"not-trade",0,0,0,0,NA,"Amphibian","Anura","Bufonidae","Ansonia","Ansonia spinulifer","Bufonidae",50,25.9109733883634,"no","no",NA,NA,0,0,NA,NA,NA,NA,NA,"0","0","0",0,0,0,0,0,0,"0","0","0",0,0,NA,NA,0,0
"9","Leptophryne borbonica","Malaysia","MY","LC",0,0,0,0,0,"not-trade",0,0,0,0,NA,"Amphibian","Anura","Bufonidae","Leptophryne","Leptophryne borbonica","Bufonidae",40,26.1233423987532,"no","no",NA,NA,0,0,NA,NA,NA,NA,NA,"0","0","0",0,0,0,0,0,0,"0","0","0",0,0,NA,NA,0,0
"10","Leptolalax pelodytoides","Malaysia","MY","LC",0,0,1,1,0,"prod",0,0,0,1,"IUCN","Amphibian","Anura","Megophryidae","Leptolalax","Leptolalax pelodytoides","Megophryidae",40.7,8.75519469521187,"no","no",NA,NA,0,0,NA,NA,NA,NA,NA,"0","0","0",0,0,0,0,0,0,"0","0","0",0,0,NA,NA,1,1
"11","Leptolalax pictus","Malaysia","MY","VU",1,1,0,0,0,"not-trade",0,0,0,0,NA,"Amphibian","Anura","Megophryidae","Leptolalax","Leptolalax pictus","Megophryidae",47,16.3376330467731,"no","no",NA,NA,0,0,NA,NA,NA,NA,NA,"0","0","0",0,0,0,0,0,0,"0","0","0",0,0,NA,NA,0,0
"12","Kaloula baleata","Malaysia","MY","LC",0,0,0,0,0,"not-trade",0,0,0,0,NA,"Amphibian","Anura","Microhylidae","Kaloula","Kaloula baleata","Microhylidae",65,20.5759977107455,"no","no",NA,NA,0,0,NA,NA,NA,NA,NA,"0","0","0",0,0,0,0,0,0,"0","0","0",0,0,NA,NA,0,0
"13","Kaloula pulchra","Malaysia","MY","LC",0,0,1,0,1,"pet",1,0,0,1,"IUCN","Amphibian","Anura","Microhylidae","Kaloula","Kaloula pulchra","Microhylidae",70,33.363738393982,"no","no",NA,NA,0,0,"Pets/display animals, horticulture, Food - human",1,0,1,1,"0","0","0",0,0,0,0,0,0,"0","0","0",0,0,NA,NA,1,1
"14","Microhyla berdmorei","Malaysia","MY","LC",0,0,0,0,0,"not-trade",0,0,0,0,NA,"Amphibian","Anura","Microhylidae","Microhyla","Microhyla berdmorei","Microhylidae",45.6,17.1041841238984,"no","no",NA,NA,0,0,NA,NA,NA,NA,NA,"0","0","0",0,0,0,0,0,0,"0","0","0",0,0,NA,NA,0,0
"15","Microhyla butleri","Malaysia","MY","LC",0,0,0,0,0,"not-trade",0,0,0,0,NA,"Amphibian","Anura","Microhylidae","Microhyla","Microhyla butleri","Microhylidae",26,42.3732655103743,"no","no",NA,NA,0,0,"Food - human",0,0,1,1,"0","0","0",0,0,0,0,0,0,"0","0","0",0,0,NA,NA,0,0
"16","Fejervarya limnocharis","Malaysia","MY","LC",0,0,1,1,0,"prod",1,0,0,1,"IUCN","Amphibian","Anura","Dicroglossidae","Fejervarya","Fejervarya limnocharis","Dicroglossidae",65,14.8959970940077,"no","no",NA,NA,0,0,"Medicine - human & veterinary, Food - human",0,1,1,1,"0","0","0",0,0,0,0,0,0,"0","0","0",0,0,NA,NA,1,1
"17","Amnirana nicobariensis","Malaysia","MY","LC",0,0,0,0,0,"not-trade",0,0,0,0,NA,"Amphibian","Anura","Ranidae","Amnirana","Hylarana nicobariensis","Ranidae",NA,28.437790844696,"no","no",NA,NA,0,0,NA,NA,NA,NA,NA,"0","0","0",0,0,0,0,0,0,"0","0","0",0,0,NA,NA,0,0
"18","Ingerana tenasserimensis","Malaysia","MY","LC",0,0,0,0,0,"not-trade",0,0,0,0,NA,"Amphibian","Anura","Dicroglossidae","Ingerana","Ingerana tenasserimensis","Dicroglossidae",17.4,20.5031838189702,"no","no",NA,NA,0,0,NA,NA,NA,NA,NA,"0","0","0",0,0,0,0,0,0,"0","0","0",0,0,NA,NA,0,0
"19","Limnonectes ingeri","Malaysia","MY","NT",0,0,1,1,0,"unknown",0,0,1,1,"IUCN","Amphibian","Anura","Dicroglossidae","Limnonectes","Limnonectes ingeri","Dicroglossidae",150,7.19279491585878,"no","no",NA,NA,0,0,"Food - human",0,0,1,1,"0","0","0",0,0,0,0,0,0,"0","0","0",0,1,"DE","DE",1,1
"20","Limnonectes kenepaiensis","Malaysia","MY","DD",1,0,0,0,0,"not-trade",0,0,0,0,NA,"Amphibian","Anura","Dicroglossidae","Limnonectes","Limnonectes kenepaiensis","Dicroglossidae",38,21.467307126881,"no","no",NA,NA,0,0,NA,NA,NA,NA,NA,"0","0","0",0,0,0,0,0,0,"0","0","0",0,0,NA,NA,0,0
"21","Meristogenys macrophthalmus","Malaysia","MY","DD",1,0,0,0,0,"not-trade",0,0,0,0,NA,"Amphibian","Anura","Ranidae","Meristogenys","Meristogenys macrophthalmus","Ranidae",37.8,13.9538273822582,"no","no",NA,NA,0,0,NA,NA,NA,NA,NA,"0","0","0",0,0,0,0,0,0,"0","0","0",0,0,NA,NA,0,0
"22","Meristogenys orphnocnemis","Malaysia","MY","LC",0,0,0,0,0,"unknown",0,0,0,0,"IUCN","Amphibian","Anura","Ranidae","Meristogenys","Meristogenys orphnocnemis","Ranidae",70,9.01422984123955,"no","no",NA,NA,0,0,"Food - human",0,0,1,1,"0","0","0",0,0,0,0,0,0,"0","0","0",0,1,"DE","DE",1,0
"23","Meristogenys phaeomerus","Malaysia","MY","NT",0,0,0,0,0,"not-trade",0,0,0,0,NA,"Amphibian","Anura","Ranidae","Meristogenys","Meristogenys phaeomerus","Ranidae",70,8.52983334062909,"no","no",NA,NA,0,0,NA,NA,NA,NA,NA,"0","0","0",0,0,0,0,0,0,"0","0","0",0,0,NA,NA,0,0
"24","Meristogenys poecilus","Malaysia","MY","NT",0,0,0,0,0,"not-trade",0,0,0,0,NA,"Amphibian","Anura","Ranidae","Meristogenys","Meristogenys poecilus","Ranidae",64.6711988781103,11.7123761417791,"no","no",NA,NA,0,0,NA,NA,NA,NA,NA,"0","0","0",0,0,0,0,0,0,"0","0","0",0,0,NA,NA,0,0
"25","Pulchrana signata","Malaysia","MY","LC",0,0,0,0,0,"not-trade",0,0,0,0,NA,"Amphibian","Anura","Ranidae","Pulchrana","Hylarana signata","Ranidae",NA,5.76159937382846,"no","no",NA,NA,0,0,NA,NA,NA,NA,NA,"0","0","0",0,0,0,0,0,0,"0","0","0",0,0,NA,NA,0,0
"26","Staurois latopalmatus","Malaysia","MY","LC",0,0,0,0,0,"unknown",0,0,0,0,"IUCN","Amphibian","Anura","Ranidae","Staurois","Staurois latopalmatus","Ranidae",70,56.4992528192619,"yes","yes",NA,NA,0,0,NA,NA,NA,NA,NA,"0","0","0",0,0,0,0,0,0,"0","0","0",0,1,"DE","DE",1,0
"27","Staurois tuberilinguis","Malaysia","MY","NT",0,0,0,0,0,"not-trade",0,0,0,0,NA,"Amphibian","Anura","Ranidae","Staurois","Staurois tuberilinguis","Ranidae",36.7,21.5268934945655,"no","no",NA,NA,0,0,NA,NA,NA,NA,NA,"0","0","0",0,0,0,0,0,0,"0","0","0",0,0,NA,NA,0,0
"28","Staurois tuberilinguis","Malaysia","MY","NT",0,0,0,0,0,"not-trade",0,0,0,0,NA,"Amphibian","Anura","Ranidae","Staurois","Staurois tuberilinguis","Ranidae",36.7,21.5268934945655,"no","no",NA,NA,0,0,NA,NA,NA,NA,NA,"0","0","0",0,0,0,0,0,0,"0","0","0",0,0,NA,NA,0,0
"29","Philautus hosii","Malaysia","MY","NT",0,0,0,0,0,"not-trade",0,0,0,0,NA,"Amphibian","Anura","Rhacophoridae","Philautus","Philautus hosii","Rhacophoridae",63,13.11320937389,"no","no",NA,NA,0,0,NA,NA,NA,NA,NA,"0","0","0",0,0,0,0,0,0,"0","0","0",0,0,NA,NA,0,0
"30","Philautus hosii","Malaysia","MY","NT",0,0,0,0,0,"not-trade",0,0,0,0,NA,"Amphibian","Anura","Rhacophoridae","Philautus","Philautus hosii","Rhacophoridae",63,13.11320937389,"no","no",NA,NA,0,0,NA,NA,NA,NA,NA,"0","0","0",0,0,0,0,0,0,"0","0","0",0,0,NA,NA,0,0
"31","Philautus ingeri","Malaysia","MY","VU",1,1,0,0,0,"not-trade",0,0,0,0,NA,"Amphibian","Anura","Rhacophoridae","Philautus","Philautus ingeri","Rhacophoridae",50,27.8336310495601,"no","no",NA,NA,0,0,NA,NA,NA,NA,NA,"0","0","0",0,0,0,0,0,0,"0","0","0",0,0,NA,NA,0,0
"32","Raorchestes parvulus","Malaysia","MY","LC",0,0,0,0,0,"not-trade",0,0,0,0,NA,"Amphibian","Anura","Rhacophoridae","Raorchestes","Raorchestes parvulus","Rhacophoridae",23.6,8.10420325618586,"no","no",NA,NA,0,0,NA,NA,NA,NA,NA,"0","0","0",0,0,0,0,0,0,"0","0","0",0,0,NA,NA,0,0
"33","Philautus tectus","Malaysia","MY","VU",1,1,0,0,0,"not-trade",0,0,0,0,NA,"Amphibian","Anura","Rhacophoridae","Philautus","Philautus tectus","Rhacophoridae",27,24.5354788171202,"no","no",NA,NA,0,0,NA,NA,NA,NA,NA,"0","0","0",0,0,0,0,0,0,"0","0","0",0,0,NA,NA,0,0
"34","Polypedates colletti","Malaysia","MY","LC",0,0,0,0,0,"not-trade",0,0,0,0,NA,"Amphibian","Anura","Rhacophoridae","Polypedates","Polypedates colletti","Rhacophoridae",80,30.8215835297857,"no","no",NA,NA,0,0,NA,NA,NA,NA,NA,"0","0","0",0,0,0,0,0,0,"0","0","0",0,0,NA,NA,0,0
"35","Rhacophorus dulitensis","Malaysia","MY","NT",0,0,0,0,0,"not-trade",0,0,0,0,NA,"Amphibian","Anura","Rhacophoridae","Rhacophorus","Rhacophorus dulitensis","Rhacophoridae",50,22.8729439679089,"no","no",NA,NA,0,0,NA,NA,NA,NA,NA,"0","0","0",0,0,0,0,0,0,"0","0","0",0,0,NA,NA,0,0
"36","Rhacophorus dulitensis","Malaysia","MY","NT",0,0,0,0,0,"not-trade",0,0,0,0,NA,"Amphibian","Anura","Rhacophoridae","Rhacophorus","Rhacophorus dulitensis","Rhacophoridae",50,22.8729439679089,"no","no",NA,NA,0,0,NA,NA,NA,NA,NA,"0","0","0",0,0,0,0,0,0,"0","0","0",0,0,NA,NA,0,0
"37","Rhacophorus dulitensis","Malaysia","MY","NT",0,0,0,0,0,"not-trade",0,0,0,0,NA,"Amphibian","Anura","Rhacophoridae","Rhacophorus","Rhacophorus dulitensis","Rhacophoridae",50,22.8729439679089,"no","no",NA,NA,0,0,NA,NA,NA,NA,NA,"0","0","0",0,0,0,0,0,0,"0","0","0",0,0,NA,NA,0,0
"38","Rhacophorus pardalis","Malaysia","MY","LC",0,0,0,0,0,"not-trade",0,0,0,0,NA,"Amphibian","Anura","Rhacophoridae","Rhacophorus","Rhacophorus pardalis","Rhacophoridae",70,14.6895201809545,"no","no",NA,NA,0,0,NA,NA,NA,NA,NA,"0","0","0",0,0,0,0,0,0,"0","0","0",0,0,NA,NA,0,0
"39","Rhacophorus prominanus","Malaysia","MY","LC",0,0,0,0,0,"not-trade",0,0,0,0,NA,"Amphibian","Anura","Rhacophoridae","Rhacophorus","Rhacophorus prominanus","Rhacophoridae",46.4928706208311,9.21201305452724,"no","no",NA,NA,0,0,NA,NA,NA,NA,NA,"0","0","0",0,0,0,0,0,0,"0","0","0",0,0,NA,NA,0,0
"40","Rhacophorus reinwardtii","Malaysia","MY","NT",0,0,1,0,1,"pet",1,0,0,1,"IUCN","Amphibian","Anura","Rhacophoridae","Rhacophorus","Rhacophorus reinwardtii","Rhacophoridae",82.7,22.0525343900339,"no","no",NA,NA,0,0,"Pets/display animals, horticulture",1,1,0,1,"0","0","0",0,0,0,0,0,0,"0","0","0",0,0,NA,NA,1,1
"41","Ichthyophis asplenius","Malaysia","MY","DD",1,0,0,0,0,"not-trade",0,0,0,0,NA,"Amphibian","Gymnophiona","Ichthyophiidae","Ichthyophis","Caudacaecilia asplenia","Ichthyophiidae",NA,22.7187628044563,"no","no",NA,NA,0,0,NA,NA,NA,NA,NA,"0","0","0",0,0,0,0,0,0,"0","0","0",0,0,NA,NA,1,1
"42","Pulchrana banjarana","Malaysia","MY","NT",0,0,0,0,0,"not-trade",0,0,0,0,NA,"Amphibian","Anura","Ranidae","Pulchrana","Hylarana banjarana","Ranidae",NA,16.1135754028214,"no","no",NA,NA,0,0,NA,NA,NA,NA,NA,"0","0","0",0,0,0,0,0,0,"0","0","0",0,0,NA,NA,0,0
"43","Lithobates catesbeianus","Malaysia","MY","LC",0,0,1,1,1,"pet/prod",1,1,0,1,"CITES, IUCN","Amphibian","Anura","Ranidae","Lithobates","Rana catesbeiana","Ranidae",203,7.01373829444129,"no","no","live, skins","TRUE",1,1,"Food - human",1,1,1,1,"2003, 2004, 2005, 2006, 2008, 2009, 2010","N","Lithobates catesbeianus",1,0,0,0,1,0,"0","0","0",0,0,NA,NA,0,1
"44","Sylvirana nigrovittata","Malaysia","MY","LC",0,0,0,0,0,"not-trade",0,0,0,0,NA,"Amphibian","Anura","Ranidae","Sylvirana","Hylarana nigrovittata","Ranidae",NA,13.5938782926917,"no","no",NA,NA,0,0,NA,NA,NA,NA,NA,"0","0","0",0,0,0,0,0,0,"0","0","0",0,0,NA,NA,0,0
"45","Chaperina fusca","Malaysia","MY","LC",0,0,0,0,0,"not-trade",0,0,0,0,NA,"Amphibian","Anura","Microhylidae","Chaperina","Chaperina fusca","Microhylidae",22.4,75.1544047893557,"yes","yes",NA,NA,0,0,NA,NA,NA,NA,NA,"0","0","0",0,0,0,0,0,0,"0","0","0",0,0,NA,NA,0,0
"46","Amolops larutensis","Malaysia","MY","LC",0,0,0,0,0,"not-trade",0,0,0,0,NA,"Amphibian","Anura","Ranidae","Amolops","Amolops larutensis","Ranidae",75,44.2333246460164,"no","no",NA,NA,0,0,NA,NA,NA,NA,NA,"0","0","0",0,0,0,0,0,0,"0","0","0",0,0,NA,NA,0,0
"47","Rhacophorus gadingensis","Malaysia","MY","DD",1,0,0,0,0,"not-trade",0,0,0,0,NA,"Amphibian","Anura","Rhacophoridae","Rhacophorus","Rhacophorus gadingensis","Rhacophoridae",30,9.10718123433661,"no","no",NA,NA,0,0,NA,NA,NA,NA,NA,"0","0","0",0,0,0,0,0,0,"0","0","0",0,0,NA,NA,0,0
"48","Leptolalax gracilis","Malaysia","MY","NT",0,0,0,0,0,"not-trade",0,0,0,0,NA,"Amphibian","Anura","Megophryidae","Leptolalax","Leptolalax gracilis","Megophryidae",48,55.4228313981387,"yes","yes",NA,NA,0,0,NA,NA,NA,NA,NA,"0","0","0",0,0,0,0,0,0,"0","0","0",0,0,NA,NA,0,0
"49","Leptolalax gracilis","Malaysia","MY","NT",0,0,0,0,0,"not-trade",0,0,0,0,NA,"Amphibian","Anura","Megophryidae","Leptolalax","Leptolalax gracilis","Megophryidae",48,55.4228313981387,"yes","yes",NA,NA,0,0,NA,NA,NA,NA,NA,"0","0","0",0,0,0,0,0,0,"0","0","0",0,0,NA,NA,0,0
"50","Philautus longicrus","Malaysia","MY","NT",0,0,0,0,0,"not-trade",0,0,0,0,NA,"Amphibian","Anura","Rhacophoridae","Philautus","Philautus longicrus","Rhacophoridae",20.1,24.5354788171202,"no","no",NA,NA,0,0,NA,NA,NA,NA,NA,"0","0","0",0,0,0,0,0,0,"0","0","0",0,0,NA,NA,0,0
"51","Rhacophorus gauni","Malaysia","MY","NT",0,0,0,0,0,"not-trade",0,0,0,0,NA,"Amphibian","Anura","Rhacophoridae","Rhacophorus","Rhacophorus gauni","Rhacophoridae",38,16.0967901816732,"no","no",NA,NA,0,0,NA,NA,NA,NA,NA,"0","0","0",0,0,0,0,0,0,"0","0","0",0,0,NA,NA,0,0
"52","Limnonectes shompenorum","Malaysia","MY","LC",0,0,1,1,0,"unknown",1,0,1,0,"IUCN","Amphibian","Anura","Dicroglossidae","Limnonectes","Limnonectes shompenorum","Dicroglossidae",79,15.8638337875088,"no","no",NA,NA,0,0,"Food - human",1,1,0,1,"0","0","0",0,0,0,0,0,0,"0","0","0",0,1,NA,NA,1,0
"53","Ansonia albomaculata","Malaysia","MY","NT",0,0,0,0,0,"not-trade",0,0,0,0,NA,"Amphibian","Anura","Bufonidae","Ansonia","Ansonia albomaculata","Bufonidae",35,26.1467943617768,"no","no",NA,NA,0,0,NA,NA,NA,NA,NA,"0","0","0",0,0,0,0,0,0,"0","0","0",0,0,NA,NA,0,0
"54","Ansonia fuliginea","Malaysia","MY","VU",1,1,0,0,0,"not-trade",0,0,0,0,NA,"Amphibian","Anura","Bufonidae","Ansonia","Ansonia fuliginea","Bufonidae",44,18.8640984416384,"no","no",NA,NA,0,0,NA,NA,NA,NA,NA,"0","0","0",0,0,0,0,0,0,"0","0","0",0,0,NA,NA,0,0
"55","Ansonia guibei","Malaysia","MY","EN",1,1,0,0,0,"not-trade",0,0,0,0,NA,"Amphibian","Anura","Bufonidae","Ansonia","Ansonia guibei","Bufonidae",34,18.8640984416384,"no","no",NA,NA,0,0,NA,NA,NA,NA,NA,"0","0","0",0,0,0,0,0,0,"0","0","0",0,0,NA,NA,0,0
"56","Ansonia guibei","Malaysia","MY","EN",1,1,0,0,0,"not-trade",0,0,0,0,NA,"Amphibian","Anura","Bufonidae","Ansonia","Ansonia guibei","Bufonidae",34,18.8640984416384,"no","no",NA,NA,0,0,NA,NA,NA,NA,NA,"0","0","0",0,0,0,0,0,0,"0","0","0",0,0,NA,NA,0,0
"57","Ansonia hanitschi","Malaysia","MY","NT",0,0,0,0,0,"not-trade",0,0,0,0,NA,"Amphibian","Anura","Bufonidae","Ansonia","Ansonia hanitschi","Bufonidae",37,18.4058973653408,"no","no",NA,NA,0,0,NA,NA,NA,NA,NA,"0","0","0",0,0,0,0,0,0,"0","0","0",0,0,NA,NA,0,0
"58","Ansonia leptopus","Malaysia","MY","NT",0,0,0,0,0,"not-trade",0,0,0,0,NA,"Amphibian","Anura","Bufonidae","Ansonia","Ansonia leptopus","Bufonidae",65,11.6722865759442,"no","no",NA,NA,0,0,NA,NA,NA,NA,NA,"0","0","0",0,0,0,0,0,0,"0","0","0",0,0,NA,NA,0,0
"59","Ansonia leptopus","Malaysia","MY","NT",0,0,0,0,0,"not-trade",0,0,0,0,NA,"Amphibian","Anura","Bufonidae","Ansonia","Ansonia leptopus","Bufonidae",65,11.6722865759442,"no","no",NA,NA,0,0,NA,NA,NA,NA,NA,"0","0","0",0,0,0,0,0,0,"0","0","0",0,0,NA,NA,0,0
"60","Ansonia leptopus","Malaysia","MY","NT",0,0,0,0,0,"not-trade",0,0,0,0,NA,"Amphibian","Anura","Bufonidae","Ansonia","Ansonia leptopus","Bufonidae",65,11.6722865759442,"no","no",NA,NA,0,0,NA,NA,NA,NA,NA,"0","0","0",0,0,0,0,0,0,"0","0","0",0,0,NA,NA,0,0
"61","Ansonia longidigita","Malaysia","MY","NT",0,0,0,0,0,"not-trade",0,0,0,0,NA,"Amphibian","Anura","Bufonidae","Ansonia","Ansonia longidigita","Bufonidae",70,20.8358860818884,"no","no",NA,NA,0,0,NA,NA,NA,NA,NA,"0","0","0",0,0,0,0,0,0,"0","0","0",0,0,NA,NA,0,0
"62","Ansonia latidisca","Malaysia","MY","EN",1,1,0,0,0,"not-trade",0,0,0,0,NA,"Amphibian","Anura","Bufonidae","Ansonia","Ansonia latidisca","Bufonidae",55,17.1408499212768,"no","no",NA,NA,0,0,NA,NA,NA,NA,NA,"0","0","0",0,0,0,0,0,0,"0","0","0",0,0,NA,NA,0,0
"63","Ansonia longidigita","Malaysia","MY","NT",0,0,0,0,0,"not-trade",0,0,0,0,NA,"Amphibian","Anura","Bufonidae","Ansonia","Ansonia longidigita","Bufonidae",70,20.8358860818884,"no","no",NA,NA,0,0,NA,NA,NA,NA,NA,"0","0","0",0,0,0,0,0,0,"0","0","0",0,0,NA,NA,0,0
"64","Ansonia malayana","Malaysia","MY","LC",0,0,0,0,0,"not-trade",0,0,0,0,NA,"Amphibian","Anura","Bufonidae","Ansonia","Ansonia malayana","Bufonidae",29,24.6563409078817,"no","no",NA,NA,0,0,NA,NA,NA,NA,NA,"0","0","0",0,0,0,0,0,0,"0","0","0",0,0,NA,NA,0,0
"65","Ansonia minuta","Malaysia","MY","NT",0,0,0,0,0,"not-trade",0,0,0,0,NA,"Amphibian","Anura","Bufonidae","Ansonia","Ansonia minuta","Bufonidae",29,21.7635493786817,"no","no",NA,NA,0,0,NA,NA,NA,NA,NA,"0","0","0",0,0,0,0,0,0,"0","0","0",0,0,NA,NA,0,0
"66","Ansonia minuta","Malaysia","MY","NT",0,0,0,0,0,"not-trade",0,0,0,0,NA,"Amphibian","Anura","Bufonidae","Ansonia","Ansonia minuta","Bufonidae",29,21.7635493786817,"no","no",NA,NA,0,0,NA,NA,NA,NA,NA,"0","0","0",0,0,0,0,0,0,"0","0","0",0,0,NA,NA,0,0
"67","Ansonia penangensis","Malaysia","MY","VU",1,1,0,0,0,"not-trade",0,0,0,0,NA,"Amphibian","Anura","Bufonidae","Ansonia","Ansonia penangensis","Bufonidae",37.2,24.6563415258817,"no","no",NA,NA,0,0,NA,NA,NA,NA,NA,"0","0","0",0,0,0,0,0,0,"0","0","0",0,0,NA,NA,0,0
"68","Ansonia platysoma","Malaysia","MY","EN",1,1,0,0,0,"not-trade",0,0,0,0,NA,"Amphibian","Anura","Bufonidae","Ansonia","Ansonia platysoma","Bufonidae",26,9.64153948077042,"no","no",NA,NA,0,0,NA,NA,NA,NA,NA,"0","0","0",0,0,0,0,0,0,"0","0","0",0,0,NA,NA,0,0
"69","Ansonia tiomanica","Malaysia","MY","VU",1,1,0,0,0,"not-trade",0,0,0,0,NA,"Amphibian","Anura","Bufonidae","Ansonia","Ansonia tiomanica","Bufonidae",38.4,18.8189416736908,"no","no",NA,NA,0,0,NA,NA,NA,NA,NA,"0","0","0",0,0,0,0,0,0,"0","0","0",0,0,NA,NA,0,0
"70","Ansonia torrentis","Malaysia","MY","VU",1,1,0,0,0,"not-trade",0,0,0,0,NA,"Amphibian","Anura","Bufonidae","Ansonia","Ansonia torrentis","Bufonidae",33,11.6722865759442,"no","no",NA,NA,0,0,NA,NA,NA,NA,NA,"0","0","0",0,0,0,0,0,0,"0","0","0",0,0,NA,NA,0,0
"71","Phrynoidis asper","Malaysia","MY","LC",0,0,0,0,0,"unknown",0,0,0,0,"IUCN","Amphibian","Anura","Bufonidae","Phrynoidis","Phrynoidis aspera","Bufonidae",NA,20.4772213512564,"no","no",NA,NA,0,0,"Food - human",0,0,1,1,"0","0","0",0,0,0,0,0,0,"0","0","0",0,1,"IL","IL",0,0
"72","Ingerophrynus divergens","Malaysia","MY","LC",0,0,0,0,0,"not-trade",0,0,0,0,NA,"Amphibian","Anura","Bufonidae","Ingerophrynus","Ingerophrynus divergens","Bufonidae",55,25.9197555650641,"no","no",NA,NA,0,0,NA,NA,NA,NA,NA,"0","0","0",0,0,0,0,0,0,"0","0","0",0,0,NA,NA,0,0
"73","Phrynoidis juxtaspera","Malaysia","MY","LC",0,0,0,0,0,"not-trade",0,0,0,0,NA,"Amphibian","Anura","Bufonidae","Phrynoidis","Phrynoidis juxtaspera","Bufonidae",215,20.4772213512564,"no","no",NA,NA,0,0,"Food - human",0,0,1,1,"0","0","0",0,0,0,0,0,0,"0","0","0",0,0,NA,NA,0,0
"74","Ingerophrynus kumquat","Malaysia","MY","EN",1,1,0,0,0,"not-trade",0,0,0,0,NA,"Amphibian","Anura","Bufonidae","Ingerophrynus","Ingerophrynus kumquat","Bufonidae",53.6790417584914,11.222504353141,"no","no",NA,NA,0,0,NA,NA,NA,NA,NA,"0","0","0",0,0,0,0,0,0,"0","0","0",0,0,NA,NA,0,0
"75","Ingerophrynus macrotis","Malaysia","MY","LC",0,0,0,0,0,"not-trade",0,0,0,0,NA,"Amphibian","Anura","Bufonidae","Ingerophrynus","Ingerophrynus macrotis","Bufonidae",56.4270072444057,23.6456046755641,"no","no",NA,NA,0,0,NA,NA,NA,NA,NA,"0","0","0",0,0,0,0,0,0,"0","0","0",0,0,NA,NA,0,0
"76","Ingerophrynus macrotis","Malaysia","MY","LC",0,0,0,0,0,"not-trade",0,0,0,0,NA,"Amphibian","Anura","Bufonidae","Ingerophrynus","Ingerophrynus macrotis","Bufonidae",56.4270072444057,23.6456046755641,"no","no",NA,NA,0,0,NA,NA,NA,NA,NA,"0","0","0",0,0,0,0,0,0,"0","0","0",0,0,NA,NA,0,0
"77","Duttaphrynus melanostictus","Malaysia","MY","LC",0,0,1,1,1,"pet",1,0,0,1,"IUCN","Amphibian","Anura","Bufonidae","Duttaphrynus","Duttaphrynus melanostictus","Bufonidae",160,5.71815530759137,"no","no",NA,NA,0,0,"Medicine - human & veterinary, Pets/display animals, horticulture, Food - human",1,1,1,1,"0","0","0",0,0,0,0,0,0,"0","0","0",0,0,NA,NA,1,1
"78","Ingerophrynus quadriporcatus","Malaysia","MY","LC",0,0,0,0,0,"not-trade",0,0,0,0,NA,"Amphibian","Anura","Bufonidae","Ingerophrynus","Ingerophrynus quadriporcatus","Bufonidae",60,17.7310172931282,"no","no",NA,NA,0,0,NA,NA,NA,NA,NA,"0","0","0",0,0,0,0,0,0,"0","0","0",0,0,NA,NA,0,0
"79","Rentapia hosii","Malaysia","MY","LC",0,0,0,0,0,"not-trade",0,0,0,0,NA,"Amphibian","Anura","Bufonidae","Rentapia","Pedostibes hosii","Bufonidae",NA,23.0324047887564,"no","no",NA,NA,0,0,NA,NA,NA,NA,NA,"0","0","0",0,0,0,0,0,0,"0","0","0",0,0,NA,NA,0,0
"80","Pelophryne api","Malaysia","MY","EN",1,1,0,0,0,"not-trade",0,0,0,0,NA,"Amphibian","Anura","Bufonidae","Pelophryne","Pelophryne api","Bufonidae",20,4.84097106985044,"no","no",NA,NA,0,0,NA,NA,NA,NA,NA,"0","0","0",0,0,0,0,0,0,"0","0","0",0,0,NA,NA,0,0
"81","Pelophryne brevipes","Malaysia","MY","LC",0,0,0,0,0,"not-trade",0,0,0,0,NA,"Amphibian","Anura","Bufonidae","Pelophryne","Pelophryne brevipes","Bufonidae",46.4928706208311,12.4706886099018,"no","no",NA,NA,0,0,NA,NA,NA,NA,NA,"0","0","0",0,0,0,0,0,0,"0","0","0",0,0,NA,NA,0,0
"82","Pelophryne rhopophilia","Malaysia","MY","VU",1,1,0,0,0,"not-trade",0,0,0,0,NA,"Amphibian","Anura","Bufonidae","Pelophryne","Pelophryne rhopophilia","Bufonidae",46.4928706208311,2.59217352402522,"no","no",NA,NA,0,0,NA,NA,NA,NA,NA,"0","0","0",0,0,0,0,0,0,"0","0","0",0,0,NA,NA,0,0
"83","Pelophryne signata","Malaysia","MY","NT",0,0,0,0,0,"not-trade",0,0,0,0,NA,"Amphibian","Anura","Bufonidae","Pelophryne","Pelophryne signata","Bufonidae",18,8.03221421070088,"no","no",NA,NA,0,0,NA,NA,NA,NA,NA,"0","0","0",0,0,0,0,0,0,"0","0","0",0,0,NA,NA,0,0
"84","Pseudobufo subasper","Malaysia","MY","LC",0,0,0,0,0,"not-trade",0,0,0,0,NA,"Amphibian","Anura","Bufonidae","Pseudobufo","Pseudobufo subasper","Bufonidae",155,62.5437200450004,"yes","yes",NA,NA,0,0,"Food - human",0,0,1,1,"0","0","0",0,0,0,0,0,0,"0","0","0",0,0,NA,NA,0,0
"85","Pseudobufo subasper","Malaysia","MY","LC",0,0,0,0,0,"not-trade",0,0,0,0,NA,"Amphibian","Anura","Bufonidae","Pseudobufo","Pseudobufo subasper","Bufonidae",155,62.5437200450004,"yes","yes",NA,NA,0,0,"Food - human",0,0,1,1,"0","0","0",0,0,0,0,0,0,"0","0","0",0,0,NA,NA,0,0
"86","Leptobrachella serasanae","Malaysia","MY","VU",1,1,0,0,0,"not-trade",0,0,0,0,NA,"Amphibian","Anura","Megophryidae","Leptobrachella","Leptobrachella serasanae","Megophryidae",20,34.9338351340693,"no","no",NA,NA,0,0,NA,NA,NA,NA,NA,"0","0","0",0,0,0,0,0,0,"0","0","0",0,0,NA,NA,0,0
"87","Philautus bunitus","Malaysia","MY","VU",1,1,0,0,0,"not-trade",0,0,0,0,NA,"Amphibian","Anura","Rhacophoridae","Philautus","Philautus bunitus","Rhacophoridae",46.3,12.6357214701053,"no","no",NA,NA,0,0,NA,NA,NA,NA,NA,"0","0","0",0,0,0,0,0,0,"0","0","0",0,0,NA,NA,0,0
"88","Philautus bunitus","Malaysia","MY","VU",1,1,0,0,0,"not-trade",0,0,0,0,NA,"Amphibian","Anura","Rhacophoridae","Philautus","Philautus bunitus","Rhacophoridae",46.3,12.6357214701053,"no","no",NA,NA,0,0,NA,NA,NA,NA,NA,"0","0","0",0,0,0,0,0,0,"0","0","0",0,0,NA,NA,0,0
"89","Leptobrachella baluensis","Malaysia","MY","VU",1,1,0,0,0,"not-trade",0,0,0,0,NA,"Amphibian","Anura","Megophryidae","Leptobrachella","Leptobrachella baluensis","Megophryidae",19.6,20.7983280398923,"no","no",NA,NA,0,0,NA,NA,NA,NA,NA,"0","0","0",0,0,0,0,0,0,"0","0","0",0,0,NA,NA,0,0
"90","Leptobrachella baluensis","Malaysia","MY","VU",1,1,0,0,0,"not-trade",0,0,0,0,NA,"Amphibian","Anura","Megophryidae","Leptobrachella","Leptobrachella baluensis","Megophryidae",19.6,20.7983280398923,"no","no",NA,NA,0,0,NA,NA,NA,NA,NA,"0","0","0",0,0,0,0,0,0,"0","0","0",0,0,NA,NA,0,0
"91","Leptobrachella brevicrus","Malaysia","MY","VU",1,1,0,0,0,"not-trade",0,0,0,0,NA,"Amphibian","Anura","Megophryidae","Leptobrachella","Leptobrachella brevicrus","Megophryidae",53.6790417584914,20.7983280398923,"no","no",NA,NA,0,0,NA,NA,NA,NA,NA,"0","0","0",0,0,0,0,0,0,"0","0","0",0,0,NA,NA,0,0
"92","Leptolalax arayai","Malaysia","MY","VU",1,1,0,0,0,"not-trade",0,0,0,0,NA,"Amphibian","Anura","Megophryidae","Leptolalax","Leptolalax arayai","Megophryidae",40,26.3974582202847,"no","no",NA,NA,0,0,NA,NA,NA,NA,NA,"0","0","0",0,0,0,0,0,0,"0","0","0",0,0,NA,NA,0,0
"93","Leptolalax arayai","Malaysia","MY","VU",1,1,0,0,0,"not-trade",0,0,0,0,NA,"Amphibian","Anura","Megophryidae","Leptolalax","Leptolalax arayai","Megophryidae",40,26.3974582202847,"no","no",NA,NA,0,0,NA,NA,NA,NA,NA,"0","0","0",0,0,0,0,0,0,"0","0","0",0,0,NA,NA,0,0
"94","Leptobrachella palmata","Malaysia","MY","CR",1,1,0,0,0,"not-trade",0,0,0,0,NA,"Amphibian","Anura","Megophryidae","Leptobrachella","Leptobrachella palmata","Megophryidae",16.8,18.8660327800347,"no","no",NA,NA,0,0,NA,NA,NA,NA,NA,"0","0","0",0,0,0,0,0,0,"0","0","0",0,0,NA,NA,0,0
"95","Leptobrachella parva","Malaysia","MY","VU",1,1,0,0,0,"not-trade",0,0,0,0,NA,"Amphibian","Anura","Megophryidae","Leptobrachella","Leptobrachella parva","Megophryidae",20,18.8660327800347,"no","no",NA,NA,0,0,NA,NA,NA,NA,NA,"0","0","0",0,0,0,0,0,0,"0","0","0",0,0,NA,NA,0,0
"96","Leptobrachella parva","Malaysia","MY","VU",1,1,0,0,0,"not-trade",0,0,0,0,NA,"Amphibian","Anura","Megophryidae","Leptobrachella","Leptobrachella parva","Megophryidae",20,18.8660327800347,"no","no",NA,NA,0,0,NA,NA,NA,NA,NA,"0","0","0",0,0,0,0,0,0,"0","0","0",0,0,NA,NA,0,0
"97","Leptobrachella serasanae","Malaysia","MY","VU",1,1,0,0,0,"not-trade",0,0,0,0,NA,"Amphibian","Anura","Megophryidae","Leptobrachella","Leptobrachella serasanae","Megophryidae",20,34.9338351340693,"no","no",NA,NA,0,0,NA,NA,NA,NA,NA,"0","0","0",0,0,0,0,0,0,"0","0","0",0,0,NA,NA,0,0
"98","Borneophrys edwardinae","Malaysia","MY","VU",1,1,0,0,0,"not-trade",0,0,0,0,NA,"Amphibian","Anura","Megophryidae","Borneophrys","Borneophrys edwardinae","Megophryidae",82,50.2815112655347,"yes","yes",NA,NA,0,0,NA,NA,NA,NA,NA,"0","0","0",0,0,0,0,0,0,"0","0","0",0,0,NA,NA,0,0
"99","Borneophrys edwardinae","Malaysia","MY","VU",1,1,0,0,0,"not-trade",0,0,0,0,NA,"Amphibian","Anura","Megophryidae","Borneophrys","Borneophrys edwardinae","Megophryidae",82,50.2815112655347,"yes","yes",NA,NA,0,0,NA,NA,NA,NA,NA,"0","0","0",0,0,0,0,0,0,"0","0","0",0,0,NA,NA,0,0
"100","Leptobrachium gunungense","Malaysia","MY","VU",1,1,0,0,0,"not-trade",0,0,0,0,NA,"Amphibian","Anura","Megophryidae","Leptobrachium","Leptobrachium gunungense","Megophryidae",41.3,21.3847657806962,"no","no",NA,NA,0,0,NA,NA,NA,NA,NA,"0","0","0",0,0,0,0,0,0,"0","0","0",0,0,NA,NA,0,0
"101","Leptobrachium hendricksoni","Malaysia","MY","LC",0,0,0,0,0,"not-trade",0,0,0,0,NA,"Amphibian","Anura","Megophryidae","Leptobrachium","Leptobrachium hendricksoni","Megophryidae",64.4,33.9880077102712,"no","no",NA,NA,0,0,NA,NA,NA,NA,NA,"0","0","0",0,0,0,0,0,0,"0","0","0",0,0,NA,NA,0,0
"102","Leptobrachium montanum","Malaysia","MY","LC",0,0,0,0,0,"not-trade",0,0,0,0,NA,"Amphibian","Anura","Megophryidae","Leptobrachium","Leptobrachium montanum","Megophryidae",87,31.1162608193923,"no","no",NA,NA,0,0,NA,NA,NA,NA,NA,"0","0","0",0,0,0,0,0,0,"0","0","0",0,0,NA,NA,0,0
"103","Leptobrachium montanum","Malaysia","MY","LC",0,0,0,0,0,"not-trade",0,0,0,0,NA,"Amphibian","Anura","Megophryidae","Leptobrachium","Leptobrachium montanum","Megophryidae",87,31.1162608193923,"no","no",NA,NA,0,0,NA,NA,NA,NA,NA,"0","0","0",0,0,0,0,0,0,"0","0","0",0,0,NA,NA,0,0
"104","Leptobrachium nigrops","Malaysia","MY","LC",0,0,0,0,0,"not-trade",0,0,0,0,NA,"Amphibian","Anura","Megophryidae","Leptobrachium","Leptobrachium nigrops","Megophryidae",50,33.9880057713712,"no","no",NA,NA,0,0,NA,NA,NA,NA,NA,"0","0","0",0,0,0,0,0,0,"0","0","0",0,0,NA,NA,0,0
"105","Leptolalax heteropus","Malaysia","MY","LC",0,0,0,0,0,"not-trade",0,0,0,0,NA,"Amphibian","Anura","Megophryidae","Leptolalax","Leptolalax heteropus","Megophryidae",36,13.2133001821399,"no","no",NA,NA,0,0,NA,NA,NA,NA,NA,"0","0","0",0,0,0,0,0,0,"0","0","0",0,0,NA,NA,0,0
"106","Leptolalax maurus","Malaysia","MY","NT",0,0,0,0,0,"not-trade",0,0,0,0,NA,"Amphibian","Anura","Megophryidae","Leptolalax","Leptolalax maurus","Megophryidae",31.8,31.4155804808923,"no","no",NA,NA,0,0,NA,NA,NA,NA,NA,"0","0","0",0,0,0,0,0,0,"0","0","0",0,0,NA,NA,0,0
"107","Borneophrys edwardinae","Malaysia","MY","VU",1,1,0,0,0,"not-trade",0,0,0,0,NA,"Amphibian","Anura","Megophryidae","Borneophrys","Borneophrys edwardinae","Megophryidae",82,50.2815112655347,"yes","yes",NA,NA,0,0,NA,NA,NA,NA,NA,"0","0","0",0,0,0,0,0,0,"0","0","0",0,0,NA,NA,0,0
"108","Megophrys kobayashii","Malaysia","MY","NT",0,0,0,0,0,"not-trade",0,0,0,0,NA,"Amphibian","Anura","Megophryidae","Megophrys","Megophrys kobayashii","Megophryidae",100,30.8721065931943,"no","no",NA,NA,0,0,NA,NA,NA,NA,NA,"0","0","0",0,0,0,0,0,0,"0","0","0",0,0,NA,NA,0,0
"109","Megophrys nasuta","Malaysia","MY","LC",0,0,1,0,1,"pet",1,0,1,1,"IUCN","Amphibian","Anura","Megophryidae","Megophrys","Megophrys nasuta","Megophryidae",160,14.6481658155486,"no","no",NA,NA,0,0,"Pets/display animals, horticulture",1,1,0,1,"0","0","0",0,0,0,0,0,0,"0","0","0",0,1,NA,NA,1,1
"110","Megophrys aceras","Malaysia","MY","LC",0,0,0,0,0,"not-trade",0,0,0,0,NA,"Amphibian","Anura","Megophryidae","Megophrys","Xenophrys aceras","Megophryidae",NA,16.3897509125236,"no","no",NA,NA,0,0,NA,NA,NA,NA,NA,"0","0","0",0,0,0,0,0,0,"0","0","0",0,0,NA,NA,0,0
"111","Megophrys baluensis","Malaysia","MY","NT",0,0,0,0,0,"not-trade",0,0,0,0,NA,"Amphibian","Anura","Megophryidae","Megophrys","Xenophrys baluensis","Megophryidae",NA,28.4510894561943,"no","no",NA,NA,0,0,NA,NA,NA,NA,NA,"0","0","0",0,0,0,0,0,0,"0","0","0",0,0,NA,NA,0,0
"112","Megophrys baluensis","Malaysia","MY","NT",0,0,0,0,0,"not-trade",0,0,0,0,NA,"Amphibian","Anura","Megophryidae","Megophrys","Xenophrys baluensis","Megophryidae",NA,28.4510894561943,"no","no",NA,NA,0,0,NA,NA,NA,NA,NA,"0","0","0",0,0,0,0,0,0,"0","0","0",0,0,NA,NA,0,0
"113","Megophrys dringi","Malaysia","MY","NT",0,0,0,0,0,"not-trade",0,0,0,0,NA,"Amphibian","Anura","Megophryidae","Megophrys","Xenophrys dringi","Megophryidae",NA,5.1815650570342,"no","no",NA,NA,0,0,NA,NA,NA,NA,NA,"0","0","0",0,0,0,0,0,0,"0","0","0",0,0,NA,NA,0,0
"114","Megophrys longipes","Malaysia","MY","NT",0,0,0,0,0,"not-trade",0,0,0,0,NA,"Amphibian","Anura","Megophryidae","Megophrys","Xenophrys longipes","Megophryidae",NA,26.8096006670472,"no","no",NA,NA,0,0,NA,NA,NA,NA,NA,"0","0","0",0,0,0,0,0,0,"0","0","0",0,0,NA,NA,0,0
"115","Glyphoglossus brooksii","Malaysia","MY","DD",1,0,0,0,0,"not-trade",0,0,0,0,NA,"Amphibian","Anura","Microhylidae","Glyphoglossus","Calluella brooksii","Microhylidae",NA,13.9881928472514,"no","no",NA,NA,0,0,NA,NA,NA,NA,NA,"0","0","0",0,0,0,0,0,0,"0","0","0",0,0,NA,NA,0,0
"116","Glyphoglossus flavus","Malaysia","MY","DD",1,0,0,0,0,"not-trade",0,0,0,0,NA,"Amphibian","Anura","Microhylidae","Glyphoglossus","Calluella flava","Microhylidae",NA,33.9020652170222,"no","no",NA,NA,0,0,NA,NA,NA,NA,NA,"0","0","0",0,0,0,0,0,0,"0","0","0",0,0,NA,NA,0,0
"117","Glyphoglossus flavus","Malaysia","MY","DD",1,0,0,0,0,"not-trade",0,0,0,0,NA,"Amphibian","Anura","Microhylidae","Glyphoglossus","Calluella flava","Microhylidae",NA,33.9020652170222,"no","no",NA,NA,0,0,NA,NA,NA,NA,NA,"0","0","0",0,0,0,0,0,0,"0","0","0",0,0,NA,NA,0,0
"118","Glyphoglossus guttulatus","Malaysia","MY","LC",0,0,1,1,0,"prod",1,0,1,0,"IUCN","Amphibian","Anura","Microhylidae","Glyphoglossus","Calluella guttulata","Microhylidae",NA,13.9881928472514,"no","no",NA,NA,0,0,"Food - human",0,1,1,1,"0","0","0",0,0,0,0,0,0,"0","0","0",0,1,NA,NA,1,0
"119","Glyphoglossus smithi","Malaysia","MY","DD",1,0,0,0,0,"not-trade",0,0,0,0,NA,"Amphibian","Anura","Microhylidae","Glyphoglossus","Calluella smithi","Microhylidae",NA,33.9020652170222,"no","no",NA,NA,0,0,NA,NA,NA,NA,NA,"0","0","0",0,0,0,0,0,0,"0","0","0",0,0,NA,NA,0,0
"120","Glyphoglossus smithi","Malaysia","MY","DD",1,0,0,0,0,"not-trade",0,0,0,0,NA,"Amphibian","Anura","Microhylidae","Glyphoglossus","Calluella smithi","Microhylidae",NA,33.9020652170222,"no","no",NA,NA,0,0,NA,NA,NA,NA,NA,"0","0","0",0,0,0,0,0,0,"0","0","0",0,0,NA,NA,0,0
"121","Glyphoglossus smithi","Malaysia","MY","DD",1,0,0,0,0,"not-trade",0,0,0,0,NA,"Amphibian","Anura","Microhylidae","Glyphoglossus","Calluella smithi","Microhylidae",NA,33.9020652170222,"no","no",NA,NA,0,0,NA,NA,NA,NA,NA,"0","0","0",0,0,0,0,0,0,"0","0","0",0,0,NA,NA,0,0
"122","Gastrophrynoides borneensis","Malaysia","MY","VU",1,1,0,0,0,"not-trade",0,0,0,0,NA,"Amphibian","Anura","Microhylidae","Gastrophrynoides","Gastrophrynoides borneensis","Microhylidae",28,81.3984842464227,"yes","yes",NA,NA,0,0,NA,NA,NA,NA,NA,"0","0","0",0,0,0,0,0,0,"0","0","0",0,0,NA,NA,0,0
"123","Gastrophrynoides borneensis","Malaysia","MY","VU",1,1,0,0,0,"not-trade",0,0,0,0,NA,"Amphibian","Anura","Microhylidae","Gastrophrynoides","Gastrophrynoides borneensis","Microhylidae",28,81.3984842464227,"yes","yes",NA,NA,0,0,NA,NA,NA,NA,NA,"0","0","0",0,0,0,0,0,0,"0","0","0",0,0,NA,NA,0,0
"124","Metaphrynella pollicaris","Malaysia","MY","LC",0,0,0,0,0,"not-trade",0,0,0,0,NA,"Amphibian","Anura","Microhylidae","Metaphrynella","Metaphrynella pollicaris","Microhylidae",41,34.3139324794639,"no","no",NA,NA,0,0,NA,NA,NA,NA,NA,"0","0","0",0,0,0,0,0,0,"0","0","0",0,0,NA,NA,0,0
"125","Metaphrynella sundana","Malaysia","MY","LC",0,0,0,0,0,"not-trade",0,0,0,0,NA,"Amphibian","Anura","Microhylidae","Metaphrynella","Metaphrynella sundana","Microhylidae",30,34.3139324794639,"no","no",NA,NA,0,0,NA,NA,NA,NA,NA,"0","0","0",0,0,0,0,0,0,"0","0","0",0,0,NA,NA,0,0
"126","Kalophrynus eok","Malaysia","MY","DD",1,0,0,0,0,"not-trade",0,0,0,0,NA,"Amphibian","Anura","Microhylidae","Kalophrynus","Kalophrynus eok","Microhylidae",26.3,71.7032256187977,"yes","yes",NA,NA,0,0,NA,NA,NA,NA,NA,"0","0","0",0,0,0,0,0,0,"0","0","0",0,0,NA,NA,0,0
"127","Metaphrynella sundana","Malaysia","MY","LC",0,0,0,0,0,"not-trade",0,0,0,0,NA,"Amphibian","Anura","Microhylidae","Metaphrynella","Metaphrynella sundana","Microhylidae",30,34.3139324794639,"no","no",NA,NA,0,0,NA,NA,NA,NA,NA,"0","0","0",0,0,0,0,0,0,"0","0","0",0,0,NA,NA,0,0
"128","Kalophrynus intermedius","Malaysia","MY","VU",1,1,0,0,0,"not-trade",0,0,0,0,NA,"Amphibian","Anura","Microhylidae","Kalophrynus","Kalophrynus intermedius","Microhylidae",41,6.87162807326733,"no","no",NA,NA,0,0,NA,NA,NA,NA,NA,"0","0","0",0,0,0,0,0,0,"0","0","0",0,0,NA,NA,0,0
"129","Kalophrynus intermedius","Malaysia","MY","VU",1,1,0,0,0,"not-trade",0,0,0,0,NA,"Amphibian","Anura","Microhylidae","Kalophrynus","Kalophrynus intermedius","Microhylidae",41,6.87162807326733,"no","no",NA,NA,0,0,NA,NA,NA,NA,NA,"0","0","0",0,0,0,0,0,0,"0","0","0",0,0,NA,NA,0,0
"130","Kalophrynus nubicola","Malaysia","MY","NT",0,0,0,0,0,"not-trade",0,0,0,0,NA,"Amphibian","Anura","Microhylidae","Kalophrynus","Kalophrynus nubicola","Microhylidae",24.4,71.7032256187977,"yes","yes",NA,NA,0,0,NA,NA,NA,NA,NA,"0","0","0",0,0,0,0,0,0,"0","0","0",0,0,NA,NA,0,0
"131","Kalophrynus palmatissimus","Malaysia","MY","EN",1,1,0,0,0,"not-trade",0,0,0,0,NA,"Amphibian","Anura","Microhylidae","Kalophrynus","Kalophrynus palmatissimus","Microhylidae",38.8,15.2860945523693,"no","no",NA,NA,0,0,NA,NA,NA,NA,NA,"0","0","0",0,0,0,0,0,0,"0","0","0",0,0,NA,NA,0,0
"132","Kalophrynus pleurostigma","Malaysia","MY","LC",0,0,0,0,0,"not-trade",0,0,0,0,NA,"Amphibian","Anura","Microhylidae","Kalophrynus","Kalophrynus pleurostigma","Microhylidae",34.5,59.6442282287977,"yes","yes",NA,NA,0,0,NA,NA,NA,NA,NA,"0","0","0",0,0,0,0,0,0,"0","0","0",0,0,NA,NA,0,0
"133","Kalophrynus robinsoni","Malaysia","MY","DD",1,0,0,0,0,"not-trade",0,0,0,0,NA,"Amphibian","Anura","Microhylidae","Kalophrynus","Kalophrynus robinsoni","Microhylidae",18,32.3723405335544,"no","no",NA,NA,0,0,NA,NA,NA,NA,NA,"0","0","0",0,0,0,0,0,0,"0","0","0",0,0,NA,NA,0,0
"134","Kalophrynus subterrestris","Malaysia","MY","NT",0,0,0,0,0,"not-trade",0,0,0,0,NA,"Amphibian","Anura","Microhylidae","Kalophrynus","Kalophrynus subterrestris","Microhylidae",27,6.87162807326733,"no","no",NA,NA,0,0,NA,NA,NA,NA,NA,"0","0","0",0,0,0,0,0,0,"0","0","0",0,0,NA,NA,0,0
"135","Kalophrynus subterrestris","Malaysia","MY","NT",0,0,0,0,0,"not-trade",0,0,0,0,NA,"Amphibian","Anura","Microhylidae","Kalophrynus","Kalophrynus subterrestris","Microhylidae",27,6.87162807326733,"no","no",NA,NA,0,0,NA,NA,NA,NA,NA,"0","0","0",0,0,0,0,0,0,"0","0","0",0,0,NA,NA,0,0
"136","Microhyla annectens","Malaysia","MY","DD",1,0,0,0,0,"not-trade",0,0,0,0,NA,"Amphibian","Anura","Microhylidae","Microhyla","Microhyla annectens","Microhylidae",18,35.0452805714986,"no","no",NA,NA,0,0,NA,NA,NA,NA,NA,"0","0","0",0,0,0,0,0,0,"0","0","0",0,0,NA,NA,0,0
"137","Microhyla heymonsi","Malaysia","MY","LC",0,0,0,0,0,"not-trade",0,0,0,0,NA,"Amphibian","Anura","Microhylidae","Microhyla","Microhyla heymonsi","Microhylidae",30.4,29.4066360240468,"no","no",NA,NA,0,0,"Food - human",0,0,1,1,"0","0","0",0,0,0,0,0,0,"0","0","0",0,0,NA,NA,0,0
"138","Microhyla annectens","Malaysia","MY","DD",1,0,0,0,0,"not-trade",0,0,0,0,NA,"Amphibian","Anura","Microhylidae","Microhyla","Microhyla annectens","Microhylidae",18,35.0452805714986,"no","no",NA,NA,0,0,NA,NA,NA,NA,NA,"0","0","0",0,0,0,0,0,0,"0","0","0",0,0,NA,NA,0,0
"139","Microhyla superciliaris","Malaysia","MY","DD",1,0,0,0,0,"not-trade",0,0,0,0,NA,"Amphibian","Anura","Microhylidae","Microhyla","Microhyla superciliaris","Microhylidae",12,52.2610238214972,"yes","yes",NA,NA,0,0,NA,NA,NA,NA,NA,"0","0","0",0,0,0,0,0,0,"0","0","0",0,0,NA,NA,0,0
"140","Micryletta inornata","Malaysia","MY","LC",0,0,0,0,0,"not-trade",0,0,0,0,NA,"Amphibian","Anura","Microhylidae","Micryletta","Micryletta inornata","Microhylidae",30,39.0100163910889,"no","no",NA,NA,0,0,"Food - human",0,0,1,1,"0","0","0",0,0,0,0,0,0,"0","0","0",0,0,NA,NA,0,0
"141","Phrynella pulchra","Malaysia","MY","LC",0,0,0,0,0,"not-trade",0,0,0,0,NA,"Amphibian","Anura","Microhylidae","Phrynella","Phrynella pulchra","Microhylidae",39,47.9310101189278,"no","no",NA,NA,0,0,NA,NA,NA,NA,NA,"0","0","0",0,0,0,0,0,0,"0","0","0",0,0,NA,NA,0,0
"142","Microhyla maculifera","Malaysia","MY","VU",1,1,0,0,0,"not-trade",0,0,0,0,NA,"Amphibian","Anura","Microhylidae","Microhyla","Microhyla maculifera","Microhylidae",13,12.8225289039308,"no","no",NA,NA,0,0,NA,NA,NA,NA,NA,"0","0","0",0,0,0,0,0,0,"0","0","0",0,0,NA,NA,0,0
"143","Microhyla maculifera","Malaysia","MY","VU",1,1,0,0,0,"not-trade",0,0,0,0,NA,"Amphibian","Anura","Microhylidae","Microhyla","Microhyla maculifera","Microhylidae",13,12.8225289039308,"no","no",NA,NA,0,0,NA,NA,NA,NA,NA,"0","0","0",0,0,0,0,0,0,"0","0","0",0,0,NA,NA,0,0
"144","Microhyla palmipes","Malaysia","MY","LC",0,0,1,0,1,"pet",0,0,1,0,"IUCN","Amphibian","Anura","Microhylidae","Microhyla","Microhyla palmipes","Microhylidae",22,47.3222603717486,"no","no",NA,NA,0,0,NA,NA,NA,NA,NA,"0","0","0",0,0,0,0,0,0,"0","0","0",0,1,"DE","DE",1,0
"145","Microhyla perparva","Malaysia","MY","NT",0,0,0,0,0,"not-trade",0,0,0,0,NA,"Amphibian","Anura","Microhylidae","Microhyla","Microhyla perparva","Microhylidae",15,16.0088819167493,"no","no",NA,NA,0,0,NA,NA,NA,NA,NA,"0","0","0",0,0,0,0,0,0,"0","0","0",0,0,NA,NA,0,0
"146","Microhyla petrigena","Malaysia","MY","NT",0,0,0,0,0,"not-trade",0,0,0,0,NA,"Amphibian","Anura","Microhylidae","Microhyla","Microhyla petrigena","Microhylidae",18,30.5140100754986,"no","no",NA,NA,0,0,NA,NA,NA,NA,NA,"0","0","0",0,0,0,0,0,0,"0","0","0",0,0,NA,NA,0,0
"147","Microhyla petrigena","Malaysia","MY","NT",0,0,0,0,0,"not-trade",0,0,0,0,NA,"Amphibian","Anura","Microhylidae","Microhyla","Microhyla petrigena","Microhylidae",18,30.5140100754986,"no","no",NA,NA,0,0,NA,NA,NA,NA,NA,"0","0","0",0,0,0,0,0,0,"0","0","0",0,0,NA,NA,0,0
"148","Fejervarya pulla","Malaysia","MY","DD",1,0,0,0,0,"not-trade",0,0,0,0,NA,"Amphibian","Anura","Dicroglossidae","Fejervarya",NA,NA,55.0556051183739,NA,NA,NA,NA,NA,0,0,NA,NA,NA,NA,NA,"0","0","0",0,0,0,0,0,0,"0","0","0",0,0,NA,NA,0,0
"149","Fejervarya raja","Malaysia","MY","DD",1,0,1,1,0,"prod",1,0,1,0,"IUCN","Amphibian","Anura","Dicroglossidae","Fejervarya","Fejervarya raja","Dicroglossidae",NA,15.8256652577903,"no","no",NA,NA,0,0,"Food - human",0,1,1,1,"0","0","0",0,0,0,0,0,0,"0","0","0",0,1,NA,NA,1,0
"150","Hoplobatrachus rugulosus","Malaysia","MY","LC",0,0,1,1,0,"not-trade",1,0,0,0,"IUCN","Amphibian","Anura","Dicroglossidae","Hoplobatrachus","Hoplobatrachus rugulosus","Dicroglossidae",82.4,17.4877023537307,"no","no",NA,NA,0,0,"Food - human",1,1,1,1,"0","0","0",0,0,0,0,0,0,"0","0","0",0,0,NA,NA,0,0
"151","Limnonectes finchi","Malaysia","MY","LC",0,0,0,0,0,"not-trade",0,0,0,0,NA,"Amphibian","Anura","Dicroglossidae","Limnonectes","Limnonectes finchi","Dicroglossidae",45.3,7.19279491585878,"no","no",NA,NA,0,0,NA,NA,NA,NA,NA,"0","0","0",0,0,0,0,0,0,"0","0","0",0,0,NA,NA,0,0
"152","Limnonectes hascheanus","Malaysia","MY","LC",0,0,0,0,0,"not-trade",0,0,0,0,NA,"Amphibian","Anura","Dicroglossidae","Limnonectes","Limnonectes hascheanus","Dicroglossidae",39,13.2280557049851,"no","no",NA,NA,0,0,NA,NA,NA,NA,NA,"0","0","0",0,0,0,0,0,0,"0","0","0",0,0,NA,NA,0,0
"153","Limnonectes blythii","Malaysia","MY","NT",0,0,1,1,0,"unknown",1,0,1,1,"IUCN","Amphibian","Anura","Dicroglossidae","Limnonectes","Limnonectes blythii","Dicroglossidae",96.8,7.46703168461756,"no","no",NA,NA,0,0,"Food - human",1,1,1,1,"0","0","0",0,0,0,0,0,0,"0","0","0",0,1,NA,NA,1,1
"154","Limnonectes doriae","Malaysia","MY","LC",0,0,0,0,0,"unknown",0,0,0,0,"IUCN","Amphibian","Anura","Dicroglossidae","Limnonectes","Limnonectes doriae","Dicroglossidae",40.0302208772275,21.5932601349405,"no","no",NA,NA,0,0,NA,NA,NA,NA,NA,"0","0","0",0,0,0,0,0,0,"0","0","0",0,1,"IL","IL",0,0
"155","Limnonectes ibanorum","Malaysia","MY","NT",0,0,1,1,0,"unknown",0,0,1,0,"IUCN","Amphibian","Anura","Dicroglossidae","Limnonectes","Limnonectes ibanorum","Dicroglossidae",135,21.5718423624702,"no","no",NA,NA,0,0,"Food - human",0,0,1,1,"0","0","0",0,0,0,0,0,0,"0","0","0",0,1,"DE","DE",1,0
"156","Limnonectes ingeri","Malaysia","MY","NT",0,0,1,1,0,"unknown",0,0,1,1,"IUCN","Amphibian","Anura","Dicroglossidae","Limnonectes","Limnonectes ingeri","Dicroglossidae",150,7.19279491585878,"no","no",NA,NA,0,0,"Food - human",0,0,1,1,"0","0","0",0,0,0,0,0,0,"0","0","0",0,1,"DE","DE",1,1
"157","Limnonectes kenepaiensis","Malaysia","MY","DD",1,0,0,0,0,"not-trade",0,0,0,0,NA,"Amphibian","Anura","Dicroglossidae","Limnonectes","Limnonectes kenepaiensis","Dicroglossidae",38,21.467307126881,"no","no",NA,NA,0,0,NA,NA,NA,NA,NA,"0","0","0",0,0,0,0,0,0,"0","0","0",0,0,NA,NA,0,0
"158","Limnonectes kuhlii","Malaysia","MY","LC",0,0,0,0,0,"unknown",0,0,0,0,"IUCN","Amphibian","Anura","Dicroglossidae","Limnonectes","Limnonectes kuhlii","Dicroglossidae",81.5,9.96875945059673,"no","no",NA,NA,0,0,"Food - human",0,0,1,1,"0","0","0",0,0,0,0,0,0,"0","0","0",0,1,"IL","IL",0,0
"159","Limnonectes laticeps","Malaysia","MY","LC",0,0,0,0,0,"not-trade",0,0,0,0,NA,"Amphibian","Anura","Dicroglossidae","Limnonectes","Limnonectes laticeps","Dicroglossidae",53,36.5844085435238,"no","no",NA,NA,0,0,NA,NA,NA,NA,NA,"0","0","0",0,0,0,0,0,0,"0","0","0",0,0,NA,NA,0,0
"160","Limnonectes leporinus","Malaysia","MY","LC",0,0,1,1,0,"prod",0,0,1,0,"IUCN","Amphibian","Anura","Dicroglossidae","Limnonectes","Limnonectes leporinus","Dicroglossidae",175,21.467307126881,"no","no",NA,NA,0,0,"Food - human",0,0,1,1,"0","0","0",0,0,0,0,0,0,"0","0","0",0,1,"DE","DE",1,0
"161","Limnonectes limborgi","Malaysia","MY","LC",0,0,0,0,0,"not-trade",0,0,0,0,NA,"Amphibian","Anura","Dicroglossidae","Limnonectes","Limnonectes limborgi","Dicroglossidae",37.6,13.2280557049851,"no","no",NA,NA,0,0,NA,NA,NA,NA,NA,"0","0","0",0,0,0,0,0,0,"0","0","0",0,0,NA,NA,1,1
"162","Limnonectes macrognathus","Malaysia","MY","LC",0,0,0,0,0,"not-trade",0,0,0,0,NA,"Amphibian","Anura","Dicroglossidae","Limnonectes","Limnonectes macrognathus","Dicroglossidae",44.7,16.6780240140619,"no","no",NA,NA,0,0,"Food - human",0,0,1,1,"0","0","0",0,0,0,0,0,0,"0","0","0",0,0,NA,NA,0,0
"163","Limnonectes malesianus","Malaysia","MY","NT",0,0,1,1,0,"unknown",1,0,1,1,"IUCN","Amphibian","Anura","Dicroglossidae","Limnonectes","Limnonectes malesianus","Dicroglossidae",150,9.19692776405878,"no","no",NA,NA,0,0,"Food - human",0,1,1,1,"0","0","0",0,0,0,0,0,0,"0","0","0",0,1,NA,NA,1,1
"164","Limnonectes paramacrodon","Malaysia","MY","NT",0,0,0,0,0,"not-trade",0,0,0,0,NA,"Amphibian","Anura","Dicroglossidae","Limnonectes","Limnonectes paramacrodon","Dicroglossidae",65,17.3132292001176,"no","no",NA,NA,0,0,NA,NA,NA,NA,NA,"0","0","0",0,0,0,0,0,0,"0","0","0",0,0,NA,NA,0,0
"165","Limnonectes plicatellus","Malaysia","MY","LC",0,0,0,0,0,"not-trade",0,0,0,0,NA,"Amphibian","Anura","Dicroglossidae","Limnonectes","Limnonectes plicatellus","Dicroglossidae",33.1,16.8559451049702,"no","no",NA,NA,0,0,NA,NA,NA,NA,NA,"0","0","0",0,0,0,0,0,0,"0","0","0",0,0,NA,NA,0,0
"166","Limnonectes nitidus","Malaysia","MY","EN",1,1,0,0,0,"not-trade",0,0,0,0,NA,"Amphibian","Anura","Dicroglossidae","Limnonectes","Limnonectes nitidus","Dicroglossidae",53.6790417584914,9.19692776405878,"no","no",NA,NA,0,0,NA,NA,NA,NA,NA,"0","0","0",0,0,0,0,0,0,"0","0","0",0,0,NA,NA,0,0
"167","Limnonectes nitidus","Malaysia","MY","EN",1,1,0,0,0,"not-trade",0,0,0,0,NA,"Amphibian","Anura","Dicroglossidae","Limnonectes","Limnonectes nitidus","Dicroglossidae",53.6790417584914,9.19692776405878,"no","no",NA,NA,0,0,NA,NA,NA,NA,NA,"0","0","0",0,0,0,0,0,0,"0","0","0",0,0,NA,NA,0,0
"168","Limnonectes rhacodus","Malaysia","MY","NT",0,0,0,0,0,"not-trade",0,0,0,0,NA,"Amphibian","Anura","Dicroglossidae","Limnonectes","Limnonectes rhacoda","Dicroglossidae",NA,7.46703168461756,"no","no",NA,NA,0,0,NA,NA,NA,NA,NA,"0","0","0",0,0,0,0,0,0,"0","0","0",0,0,NA,NA,0,0
"169","Limnonectes tweediei","Malaysia","MY","NT",0,0,0,0,0,"not-trade",0,0,0,0,NA,"Amphibian","Anura","Dicroglossidae","Limnonectes","Limnonectes tweediei","Dicroglossidae",53.6790417584914,27.824983131881,"no","no",NA,NA,0,0,NA,NA,NA,NA,NA,"0","0","0",0,0,0,0,0,0,"0","0","0",0,0,NA,NA,0,0
"170","Limnonectes tweediei","Malaysia","MY","NT",0,0,0,0,0,"not-trade",0,0,0,0,NA,"Amphibian","Anura","Dicroglossidae","Limnonectes","Limnonectes tweediei","Dicroglossidae",53.6790417584914,27.824983131881,"no","no",NA,NA,0,0,NA,NA,NA,NA,NA,"0","0","0",0,0,0,0,0,0,"0","0","0",0,0,NA,NA,0,0
"171","Kurixalus appendiculatus","Malaysia","MY","LC",0,0,0,0,0,"not-trade",0,0,0,0,NA,"Amphibian","Anura","Rhacophoridae","Kurixalus","Kurixalus appendiculatus","Rhacophoridae",NA,47.1491404924952,"no","no",NA,NA,0,0,NA,NA,NA,NA,NA,"0","0","0",0,0,0,0,0,0,"0","0","0",0,0,NA,NA,0,0
"172","Hylarana erythraea","Malaysia","MY","LC",0,0,1,1,1,"pet/prod",1,0,1,1,"IUCN","Amphibian","Anura","Ranidae","Hylarana","Hylarana erythraea","Ranidae",75,15.3493238894085,"no","no",NA,NA,0,0,"Food - human, Pets/display animals, horticulture",1,0,1,1,"0","0","0",0,0,0,0,0,0,"0","0","0",0,1,NA,NA,1,1
"173","Pulchrana glandulosa","Malaysia","MY","LC",0,0,0,0,0,"not-trade",0,0,0,0,NA,"Amphibian","Anura","Ranidae","Pulchrana","Hylarana glandulosa","Ranidae",NA,14.8361471337357,"no","no",NA,NA,0,0,NA,NA,NA,NA,NA,"0","0","0",0,0,0,0,0,0,"0","0","0",0,0,NA,NA,0,0
"174","Pulchrana laterimaculata","Malaysia","MY","LC",0,0,0,0,0,"not-trade",0,0,0,0,NA,"Amphibian","Anura","Ranidae","Pulchrana","Hylarana laterimaculata","Ranidae",NA,14.8361471337357,"no","no",NA,NA,0,0,NA,NA,NA,NA,NA,"0","0","0",0,0,0,0,0,0,"0","0","0",0,0,NA,NA,0,0
"175","Abavorana luctuosa","Malaysia","MY","LC",0,0,0,0,0,"not-trade",0,0,0,0,NA,"Amphibian","Anura","Ranidae","Abavorana","Hylarana luctuosa","Ranidae",NA,31.8018174601853,"no","no",NA,NA,0,0,NA,NA,NA,NA,NA,"0","0","0",0,0,0,0,0,0,"0","0","0",0,0,NA,NA,0,0
"176","Hylarana macrodactyla","Malaysia","MY","LC",0,0,0,0,0,"not-trade",0,0,0,0,NA,"Amphibian","Anura","Ranidae","Hylarana","Hylarana macrodactyla","Ranidae",39.8,22.9122624868169,"no","no",NA,NA,0,0,"Food - human",0,0,1,1,"0","0","0",0,0,0,0,0,0,"0","0","0",0,0,NA,NA,0,0
"177","Humerana miopus","Malaysia","MY","LC",0,0,0,0,0,"not-trade",0,0,0,0,NA,"Amphibian","Anura","Ranidae","Humerana","Hylarana miopus","Ranidae",56.4270072444057,20.3145210949042,"no","no",NA,NA,0,0,NA,NA,NA,NA,NA,"0","0","0",0,0,0,0,0,0,"0","0","0",0,0,NA,NA,0,0
"178","Pulchrana picturata","Malaysia","MY","LC",0,0,0,0,0,"not-trade",0,0,0,0,NA,"Amphibian","Anura","Ranidae","Pulchrana","Hylarana picturata","Ranidae",NA,22.1301781561107,"no","no",NA,NA,0,0,NA,NA,NA,NA,NA,"0","0","0",0,0,0,0,0,0,"0","0","0",0,0,NA,NA,0,0
"179","Pulchrana picturata","Malaysia","MY","LC",0,0,0,0,0,"not-trade",0,0,0,0,NA,"Amphibian","Anura","Ranidae","Pulchrana","Hylarana picturata","Ranidae",NA,22.1301781561107,"no","no",NA,NA,0,0,NA,NA,NA,NA,NA,"0","0","0",0,0,0,0,0,0,"0","0","0",0,0,NA,NA,0,0
"180","Chalcorana raniceps","Malaysia","MY","LC",0,0,0,0,0,"not-trade",0,0,0,0,NA,"Amphibian","Anura","Ranidae","Chalcorana","Hylarana raniceps","Ranidae",NA,8.26780134131784,"no","no",NA,NA,0,0,NA,NA,NA,NA,NA,"0","0","0",0,0,0,0,0,0,"0","0","0",0,0,NA,NA,0,0
"181","Nyctixalus pictus","Malaysia","MY","NT",0,0,0,0,0,"not-trade",0,0,0,0,NA,"Amphibian","Anura","Rhacophoridae","Nyctixalus","Nyctixalus pictus","Rhacophoridae",35,37.3518947822113,"no","no",NA,NA,0,0,NA,NA,NA,NA,NA,"0","0","0",0,0,0,0,0,0,"0","0","0",0,0,NA,NA,0,0
"182","Hylarana taipehensis","Malaysia","MY","LC",0,0,0,0,0,"not-trade",0,0,0,0,NA,"Amphibian","Anura","Ranidae","Hylarana","Hylarana taipehensis","Ranidae",40,22.9122624868169,"no","no",NA,NA,0,0,NA,NA,NA,NA,NA,"0","0","0",0,0,0,0,0,0,"0","0","0",0,0,NA,NA,0,0
"183","Philautus aurantium","Malaysia","MY","EN",1,1,0,0,0,"not-trade",0,0,0,0,NA,"Amphibian","Anura","Rhacophoridae","Philautus","Philautus aurantium","Rhacophoridae",30,6.76596750980266,"no","no",NA,NA,0,0,NA,NA,NA,NA,NA,"0","0","0",0,0,0,0,0,0,"0","0","0",0,0,NA,NA,0,0
"184","Chiromantis nongkhorensis","Malaysia","MY","LC",0,0,0,0,0,"not-trade",0,0,0,0,NA,"Amphibian","Anura","Rhacophoridae","Chiromantis","Chiromantis nongkhorensis","Rhacophoridae",34,28.3627016852932,"no","no",NA,NA,0,0,NA,NA,NA,NA,NA,"0","0","0",0,0,0,0,0,0,"0","0","0",0,0,NA,NA,0,0
"185","Philautus acutus","Malaysia","MY","VU",1,1,0,0,0,"not-trade",0,0,0,0,NA,"Amphibian","Anura","Rhacophoridae","Philautus","Philautus acutus","Rhacophoridae",26,4.66606813700133,"no","no",NA,NA,0,0,NA,NA,NA,NA,NA,"0","0","0",0,0,0,0,0,0,"0","0","0",0,0,NA,NA,0,0
"186","Philautus amoenus","Malaysia","MY","VU",1,1,0,0,0,"not-trade",0,0,0,0,NA,"Amphibian","Anura","Rhacophoridae","Philautus","Philautus amoenus","Rhacophoridae",35,16.4169480346152,"no","no",NA,NA,0,0,NA,NA,NA,NA,NA,"0","0","0",0,0,0,0,0,0,"0","0","0",0,0,NA,NA,0,0
"187","Philautus disgregus","Malaysia","MY","EN",1,1,0,0,0,"not-trade",0,0,0,0,NA,"Amphibian","Anura","Rhacophoridae","Philautus","Philautus disgregus","Rhacophoridae",23,7.68053694243564,"no","no",NA,NA,0,0,NA,NA,NA,NA,NA,"0","0","0",0,0,0,0,0,0,"0","0","0",0,0,NA,NA,0,0
"188","Philautus disgregus","Malaysia","MY","EN",1,1,0,0,0,"not-trade",0,0,0,0,NA,"Amphibian","Anura","Rhacophoridae","Philautus","Philautus disgregus","Rhacophoridae",23,7.68053694243564,"no","no",NA,NA,0,0,NA,NA,NA,NA,NA,"0","0","0",0,0,0,0,0,0,"0","0","0",0,0,NA,NA,0,0
"189","Philautus erythrophthalmus","Malaysia","MY","VU",1,1,0,0,0,"not-trade",0,0,0,0,NA,"Amphibian","Anura","Rhacophoridae","Philautus","Philautus erythrophthalmus","Rhacophoridae",26.2,22.7228331004213,"no","no",NA,NA,0,0,NA,NA,NA,NA,NA,"0","0","0",0,0,0,0,0,0,"0","0","0",0,0,NA,NA,0,0
"190","Polypedates macrotis","Malaysia","MY","LC",0,0,0,0,0,"not-trade",0,0,0,0,NA,"Amphibian","Anura","Rhacophoridae","Polypedates","Polypedates macrotis","Rhacophoridae",85,17.6900599880982,"no","no",NA,NA,0,0,NA,NA,NA,NA,NA,"0","0","0",0,0,0,0,0,0,"0","0","0",0,0,NA,NA,0,0
"191","Philautus gunungensis","Malaysia","MY","VU",1,1,0,0,0,"not-trade",0,0,0,0,NA,"Amphibian","Anura","Rhacophoridae","Philautus","Philautus gunungensis","Rhacophoridae",38.5083101387507,21.8093205970106,"no","no",NA,NA,0,0,NA,NA,NA,NA,NA,"0","0","0",0,0,0,0,0,0,"0","0","0",0,0,NA,NA,0,0
"192","Philautus ingeri","Malaysia","MY","VU",1,1,0,0,0,"not-trade",0,0,0,0,NA,"Amphibian","Anura","Rhacophoridae","Philautus","Philautus ingeri","Rhacophoridae",50,27.8336310495601,"no","no",NA,NA,0,0,NA,NA,NA,NA,NA,"0","0","0",0,0,0,0,0,0,"0","0","0",0,0,NA,NA,0,0
"193","Philautus ingeri","Malaysia","MY","VU",1,1,0,0,0,"not-trade",0,0,0,0,NA,"Amphibian","Anura","Rhacophoridae","Philautus","Philautus ingeri","Rhacophoridae",50,27.8336310495601,"no","no",NA,NA,0,0,NA,NA,NA,NA,NA,"0","0","0",0,0,0,0,0,0,"0","0","0",0,0,NA,NA,0,0
"194","Philautus ingeri","Malaysia","MY","VU",1,1,0,0,0,"not-trade",0,0,0,0,NA,"Amphibian","Anura","Rhacophoridae","Philautus","Philautus ingeri","Rhacophoridae",50,27.8336310495601,"no","no",NA,NA,0,0,NA,NA,NA,NA,NA,"0","0","0",0,0,0,0,0,0,"0","0","0",0,0,NA,NA,0,0
"195","Rhacophorus baluensis","Malaysia","MY","NT",0,0,0,0,0,"not-trade",0,0,0,0,NA,"Amphibian","Anura","Rhacophoridae","Rhacophorus","Rhacophorus baluensis","Rhacophoridae",65,21.4481053287839,"no","no",NA,NA,0,0,NA,NA,NA,NA,NA,"0","0","0",0,0,0,0,0,0,"0","0","0",0,0,NA,NA,0,0
"196","Philautus kerangae","Malaysia","MY","EN",1,1,0,0,0,"not-trade",0,0,0,0,NA,"Amphibian","Anura","Rhacophoridae","Philautus","Philautus kerangae","Rhacophoridae",43,8.07418788805266,"no","no",NA,NA,0,0,NA,NA,NA,NA,NA,"0","0","0",0,0,0,0,0,0,"0","0","0",0,0,NA,NA,0,0
"197","Rhacophorus bipunctatus","Malaysia","MY","LC",0,0,1,1,0,"prod",0,0,0,1,"IUCN","Amphibian","Anura","Rhacophoridae","Rhacophorus","Rhacophorus bipunctatus","Rhacophoridae",44.8,16.186419430017,"no","no",NA,NA,0,0,"Medicine - human & veterinary, Food - human",0,0,1,1,"0","0","0",0,0,0,0,0,0,"0","0","0",0,0,NA,NA,1,1
"198","Philautus petersi","Malaysia","MY","LC",0,0,0,0,0,"not-trade",0,0,0,0,NA,"Amphibian","Anura","Rhacophoridae","Philautus","Philautus petersi","Rhacophoridae",37,30.4436287689606,"no","no",NA,NA,0,0,NA,NA,NA,NA,NA,"0","0","0",0,0,0,0,0,0,"0","0","0",0,0,NA,NA,0,0
"199","Philautus refugii","Malaysia","MY","VU",1,1,0,0,0,"not-trade",0,0,0,0,NA,"Amphibian","Anura","Rhacophoridae","Philautus","Philautus refugii","Rhacophoridae",21,11.6367984387402,"no","no",NA,NA,0,0,NA,NA,NA,NA,NA,"0","0","0",0,0,0,0,0,0,"0","0","0",0,0,NA,NA,0,0
"200","Rhacophorus cyanopunctatus","Malaysia","MY","LC",0,0,0,0,0,"not-trade",0,0,0,0,NA,"Amphibian","Anura","Rhacophoridae","Rhacophorus","Rhacophorus cyanopunctatus","Rhacophoridae",40,20.8503338608464,"no","no",NA,NA,0,0,NA,NA,NA,NA,NA,"0","0","0",0,0,0,0,0,0,"0","0","0",0,0,NA,NA,0,0
"201","Philautus saueri","Malaysia","MY","VU",1,1,0,0,0,"not-trade",0,0,0,0,NA,"Amphibian","Anura","Rhacophoridae","Philautus","Philautus saueri","Rhacophoridae",38.5083101387507,8.36084273680266,"no","no",NA,NA,0,0,NA,NA,NA,NA,NA,"0","0","0",0,0,0,0,0,0,"0","0","0",0,0,NA,NA,0,0
"202","Feihyla kajau","Malaysia","MY","NT",0,0,0,0,0,"not-trade",0,0,0,0,NA,"Amphibian","Anura","Rhacophoridae","Feihyla","Feihyla kajau","Rhacophoridae",NA,29.6249124423929,"no","no",NA,NA,0,0,NA,NA,NA,NA,NA,"0","0","0",0,0,0,0,0,0,"0","0","0",0,0,NA,NA,0,0
"203","Feihyla kajau","Malaysia","MY","NT",0,0,0,0,0,"not-trade",0,0,0,0,NA,"Amphibian","Anura","Rhacophoridae","Feihyla","Feihyla kajau","Rhacophoridae",NA,29.6249124423929,"no","no",NA,NA,0,0,NA,NA,NA,NA,NA,"0","0","0",0,0,0,0,0,0,"0","0","0",0,0,NA,NA,0,0
"204","Philautus tectus","Malaysia","MY","VU",1,1,0,0,0,"not-trade",0,0,0,0,NA,"Amphibian","Anura","Rhacophoridae","Philautus","Philautus tectus","Rhacophoridae",27,24.5354788171202,"no","no",NA,NA,0,0,NA,NA,NA,NA,NA,"0","0","0",0,0,0,0,0,0,"0","0","0",0,0,NA,NA,0,0
"205","Philautus tectus","Malaysia","MY","VU",1,1,0,0,0,"not-trade",0,0,0,0,NA,"Amphibian","Anura","Rhacophoridae","Philautus","Philautus tectus","Rhacophoridae",27,24.5354788171202,"no","no",NA,NA,0,0,NA,NA,NA,NA,NA,"0","0","0",0,0,0,0,0,0,"0","0","0",0,0,NA,NA,0,0
"206","Philautus umbra","Malaysia","MY","VU",1,1,0,0,0,"not-trade",0,0,0,0,NA,"Amphibian","Anura","Rhacophoridae","Philautus","Philautus umbra","Rhacophoridae",35,5.41025880972879,"no","no",NA,NA,0,0,NA,NA,NA,NA,NA,"0","0","0",0,0,0,0,0,0,"0","0","0",0,0,NA,NA,0,0
"207","Philautus vermiculatus","Malaysia","MY","LC",0,0,0,0,0,"not-trade",0,0,0,0,NA,"Amphibian","Anura","Rhacophoridae","Philautus","Philautus vermiculatus","Rhacophoridae",32,12.21207719639,"no","no",NA,NA,0,0,NA,NA,NA,NA,NA,"0","0","0",0,0,0,0,0,0,"0","0","0",0,0,NA,NA,0,0
"208","Rhacophorus rufipes","Malaysia","MY","NT",0,0,0,0,0,"not-trade",0,0,0,0,NA,"Amphibian","Anura","Rhacophoridae","Rhacophorus","Rhacophorus rufipes","Rhacophoridae",50,18.1728348231732,"no","no",NA,NA,0,0,NA,NA,NA,NA,NA,"0","0","0",0,0,0,0,0,0,"0","0","0",0,0,NA,NA,0,0
"209","Rhacophorus rufipes","Malaysia","MY","NT",0,0,0,0,0,"not-trade",0,0,0,0,NA,"Amphibian","Anura","Rhacophoridae","Rhacophorus","Rhacophorus rufipes","Rhacophoridae",50,18.1728348231732,"no","no",NA,NA,0,0,NA,NA,NA,NA,NA,"0","0","0",0,0,0,0,0,0,"0","0","0",0,0,NA,NA,0,0
"210","Rhacophorus rufipes","Malaysia","MY","NT",0,0,0,0,0,"not-trade",0,0,0,0,NA,"Amphibian","Anura","Rhacophoridae","Rhacophorus","Rhacophorus rufipes","Rhacophoridae",50,18.1728348231732,"no","no",NA,NA,0,0,NA,NA,NA,NA,NA,"0","0","0",0,0,0,0,0,0,"0","0","0",0,0,NA,NA,0,0
"211","Theloderma leporosum","Malaysia","MY","LC",0,0,0,0,0,"not-trade",0,0,0,0,NA,"Amphibian","Anura","Rhacophoridae","Theloderma","Theloderma leporosum","Rhacophoridae",46.4928706208311,7.78142225148196,"no","no",NA,NA,0,0,NA,NA,NA,NA,NA,"0","0","0",0,0,0,0,0,0,"0","0","0",0,0,NA,NA,0,0
"212","Polypedates leucomystax","Malaysia","MY","LC",0,0,1,0,1,"pet",1,0,0,1,"IUCN","Amphibian","Anura","Rhacophoridae","Polypedates","Polypedates leucomystax","Rhacophoridae",80,6.72430410021864,"no","no",NA,NA,0,0,"Medicine - human & veterinary, Pets/display animals, horticulture, Food - human",1,0,1,1,"0","0","0",0,0,0,0,0,0,"0","0","0",0,0,NA,NA,1,1
"213","Rhacophorus fasciatus","Malaysia","MY","VU",1,1,0,0,0,"not-trade",0,0,0,0,NA,"Amphibian","Anura","Rhacophoridae","Rhacophorus","Rhacophorus fasciatus","Rhacophoridae",55,9.66683805308661,"no","no",NA,NA,0,0,NA,NA,NA,NA,NA,"0","0","0",0,0,0,0,0,0,"0","0","0",0,0,NA,NA,0,0
"214","Rhacophorus harrissoni","Malaysia","MY","NT",0,0,0,0,0,"not-trade",0,0,0,0,NA,"Amphibian","Anura","Rhacophoridae","Rhacophorus","Rhacophorus harrissoni","Rhacophoridae",70,9.66683805308661,"no","no",NA,NA,0,0,NA,NA,NA,NA,NA,"0","0","0",0,0,0,0,0,0,"0","0","0",0,0,NA,NA,0,0
"215","Rhacophorus nigropalmatus","Malaysia","MY","LC",0,0,1,0,1,"pet",1,0,0,1,"IUCN","Amphibian","Anura","Rhacophoridae","Rhacophorus","Rhacophorus nigropalmatus","Rhacophoridae",97.7,26.088912203392,"no","no",NA,NA,0,0,"Pets/display animals, horticulture",1,1,0,1,"0","0","0",0,0,0,0,0,0,"0","0","0",0,0,NA,NA,1,1
"216","Rhacophorus robinsonii","Malaysia","MY","LC",0,0,0,0,0,"not-trade",0,0,0,0,NA,"Amphibian","Anura","Rhacophoridae","Rhacophorus","Rhacophorus robinsonii","Rhacophoridae",92,31.5326400809903,"no","no",NA,NA,0,0,NA,NA,NA,NA,NA,"0","0","0",0,0,0,0,0,0,"0","0","0",0,0,NA,NA,0,0
"217","Rhacophorus rufipes","Malaysia","MY","NT",0,0,0,0,0,"not-trade",0,0,0,0,NA,"Amphibian","Anura","Rhacophoridae","Rhacophorus","Rhacophorus rufipes","Rhacophoridae",50,18.1728348231732,"no","no",NA,NA,0,0,NA,NA,NA,NA,NA,"0","0","0",0,0,0,0,0,0,"0","0","0",0,0,NA,NA,0,0
"218","Theloderma asperum","Malaysia","MY","LC",0,0,0,0,0,"not-trade",0,0,0,0,NA,"Amphibian","Anura","Rhacophoridae","Theloderma","Theloderma asperum","Rhacophoridae",34.5,26.8065998376778,"no","no",NA,NA,0,0,NA,NA,NA,NA,NA,"0","0","0",0,0,0,0,0,0,"0","0","0",0,0,NA,NA,0,0
"219","Theloderma horridum","Malaysia","MY","LC",0,0,0,0,0,"not-trade",0,0,0,0,NA,"Amphibian","Anura","Rhacophoridae","Theloderma","Theloderma horridum","Rhacophoridae",50,14.9105398514964,"no","no",NA,NA,0,0,NA,NA,NA,NA,NA,"0","0","0",0,0,0,0,0,0,"0","0","0",0,0,NA,NA,0,0
"220","Ichthyophis biangularis","Malaysia","MY","DD",1,0,0,0,0,"not-trade",0,0,0,0,NA,"Amphibian","Gymnophiona","Ichthyophiidae","Ichthyophis","Ichthyophis biangularis","Ichthyophiidae",258,17.6253283490156,"no","no",NA,NA,0,0,NA,NA,NA,NA,NA,"0","0","0",0,0,0,0,0,0,"0","0","0",0,0,NA,NA,0,0
"221","Ichthyophis dulitensis","Malaysia","MY","DD",1,0,0,0,0,"not-trade",0,0,0,0,NA,"Amphibian","Gymnophiona","Ichthyophiidae","Ichthyophis","Ichthyophis dulitensis","Ichthyophiidae",235,27.120892824625,"no","no",NA,NA,0,0,NA,NA,NA,NA,NA,"0","0","0",0,0,0,0,0,0,"0","0","0",0,0,NA,NA,0,0
"222","Ichthyophis larutensis","Malaysia","MY","DD",1,0,0,0,0,"not-trade",0,0,0,0,NA,"Amphibian","Gymnophiona","Ichthyophiidae","Ichthyophis","Caudacaecilia larutensis","Ichthyophiidae",NA,32.1367231720312,"no","no",NA,NA,0,0,NA,NA,NA,NA,NA,"0","0","0",0,0,0,0,0,0,"0","0","0",0,0,NA,NA,0,0
"223","Ichthyophis monochrous","Malaysia","MY","DD",1,0,0,0,0,"not-trade",0,0,0,0,NA,"Amphibian","Gymnophiona","Ichthyophiidae","Ichthyophis","Ichthyophis monochrous","Ichthyophiidae",350,11.4099871882812,"no","no",NA,NA,0,0,NA,NA,NA,NA,NA,"0","0","0",0,0,0,0,0,0,"0","0","0",0,0,NA,NA,0,0
"224","Leptolalax kajangensis","Malaysia","MY","VU",1,1,0,0,0,"not-trade",0,0,0,0,NA,"Amphibian","Anura","Megophryidae","Leptolalax","Leptolalax kajangensis","Megophryidae",35,13.2133001821399,"no","no",NA,NA,0,0,NA,NA,NA,NA,NA,"0","0","0",0,0,0,0,0,0,"0","0","0",0,0,NA,NA,0,0
"225","Glyphoglossus minutus","Malaysia","MY","DD",1,0,0,0,0,"not-trade",0,0,0,0,NA,"Amphibian","Anura","Microhylidae","Glyphoglossus","Calluella minuta","Microhylidae",NA,25.6750655400056,"no","no",NA,NA,0,0,NA,NA,NA,NA,NA,"0","0","0",0,0,0,0,0,0,"0","0","0",0,0,NA,NA,0,0
"226","Glyphoglossus minutus","Malaysia","MY","DD",1,0,0,0,0,"not-trade",0,0,0,0,NA,"Amphibian","Anura","Microhylidae","Glyphoglossus","Calluella minuta","Microhylidae",NA,25.6750655400056,"no","no",NA,NA,0,0,NA,NA,NA,NA,NA,"0","0","0",0,0,0,0,0,0,"0","0","0",0,0,NA,NA,0,0
"227","Staurois parvus","Malaysia","MY","DD",1,0,0,0,0,"not-trade",0,0,0,0,NA,"Amphibian","Anura","Ranidae","Staurois","Staurois parvus","Ranidae",31,21.5268923035655,"no","no",NA,NA,0,0,NA,NA,NA,NA,NA,"0","0","0",0,0,0,0,0,0,"0","0","0",0,0,NA,NA,0,0
"228","Leptolalax solus","Malaysia","MY","EN",1,1,0,0,0,"not-trade",0,0,0,0,NA,"Amphibian","Anura","Megophryidae","Leptolalax","Leptolalax solus","Megophryidae",28.7,25.570681996145,"no","no",NA,NA,0,0,NA,NA,NA,NA,NA,"0","0","0",0,0,0,0,0,0,"0","0","0",0,0,NA,NA,0,0
"229","Leptolalax solus","Malaysia","MY","EN",1,1,0,0,0,"not-trade",0,0,0,0,NA,"Amphibian","Anura","Megophryidae","Leptolalax","Leptolalax solus","Megophryidae",28.7,25.570681996145,"no","no",NA,NA,0,0,NA,NA,NA,NA,NA,"0","0","0",0,0,0,0,0,0,"0","0","0",0,0,NA,NA,0,0
"230","Polypedates chlorophthalmus","Malaysia","MY","DD",1,0,0,0,0,"not-trade",0,0,0,0,NA,"Amphibian","Anura","Rhacophoridae","Polypedates","Polypedates chlorophthalmus","Rhacophoridae",62,18.7146508002839,"no","no",NA,NA,0,0,NA,NA,NA,NA,NA,"0","0","0",0,0,0,0,0,0,"0","0","0",0,0,NA,NA,0,0
"231","Ansonia latirostra","Malaysia","MY","DD",1,0,0,0,0,"not-trade",0,0,0,0,NA,"Amphibian","Anura","Bufonidae","Ansonia","Ansonia latirostra","Bufonidae",30.5,18.8189416736908,"no","no",NA,NA,0,0,NA,NA,NA,NA,NA,"0","0","0",0,0,0,0,0,0,"0","0","0",0,0,NA,NA,0,0
"232","Microhyla fissipes","Malaysia","MY","LC",0,0,0,0,0,"not-trade",0,0,0,0,NA,"Amphibian","Anura","Microhylidae","Microhyla","Microhyla fissipes","Microhylidae",23.6,11.4782187520117,"no","no",NA,NA,0,0,NA,NA,NA,NA,NA,"0","0","0",0,0,0,0,0,0,"0","0","0",0,0,NA,NA,0,0
"233","Ansonia endauensis","Malaysia","MY","DD",1,0,0,0,0,"not-trade",0,0,0,0,NA,"Amphibian","Anura","Bufonidae","Ansonia","Ansonia endauensis","Bufonidae",28.5,20.5713371391908,"no","no",NA,NA,0,0,NA,NA,NA,NA,NA,"0","0","0",0,0,0,0,0,0,"0","0","0",0,0,NA,NA,0,0
"234","Theloderma licin","Malaysia","MY","LC",0,0,0,0,0,"not-trade",0,0,0,0,NA,"Amphibian","Anura","Rhacophoridae","Theloderma","Theloderma licin","Rhacophoridae",46.4928706208311,5.04890051990989,"no","no",NA,NA,0,0,NA,NA,NA,NA,NA,"0","0","0",0,0,0,0,0,0,"0","0","0",0,0,NA,NA,0,0
"235","Microhyla mantheyi","Malaysia","MY","LC",0,0,0,0,0,"not-trade",0,0,0,0,NA,"Amphibian","Anura","Microhylidae","Microhyla","Microhyla mantheyi","Microhylidae",29.2,19.7477546921367,"no","no",NA,NA,0,0,NA,NA,NA,NA,NA,"0","0","0",0,0,0,0,0,0,"0","0","0",0,0,NA,NA,0,0
"236","Ansonia latiffi","Malaysia","MY","DD",1,0,0,0,0,"not-trade",0,0,0,0,NA,"Amphibian","Anura","Bufonidae","Ansonia","Ansonia latiffi","Bufonidae",51,9.64153948077042,"no","no",NA,NA,0,0,NA,NA,NA,NA,NA,"0","0","0",0,0,0,0,0,0,"0","0","0",0,0,NA,NA,0,0
"237","Ansonia jeetsukumarani","Malaysia","MY","DD",1,0,0,0,0,"not-trade",0,0,0,0,NA,"Amphibian","Anura","Bufonidae","Ansonia","Ansonia jeetsukumarani","Bufonidae",25.3,17.1408499212768,"no","no",NA,NA,0,0,NA,NA,NA,NA,NA,"0","0","0",0,0,0,0,0,0,"0","0","0",0,0,NA,NA,0,0
"238","Pelophryne murudensis","Malaysia","MY","CR",1,1,0,0,0,"not-trade",0,0,0,0,NA,"Amphibian","Anura","Bufonidae","Pelophryne","Pelophryne murudensis","Bufonidae",25.6,6.78269932745088,"no","no",NA,NA,0,0,NA,NA,NA,NA,NA,"0","0","0",0,0,0,0,0,0,"0","0","0",0,0,NA,NA,0,0
"239","Pelophryne linanitensis","Malaysia","MY","CR",1,1,0,0,0,"not-trade",0,0,0,0,NA,"Amphibian","Anura","Bufonidae","Pelophryne","Pelophryne linanitensis","Bufonidae",18.6,2.59217352402522,"no","no",NA,NA,0,0,NA,NA,NA,NA,NA,"0","0","0",0,0,0,0,0,0,"0","0","0",0,0,NA,NA,0,0
"240","Philautus davidlabangi","Malaysia","MY","DD",1,0,0,0,0,"not-trade",0,0,0,0,NA,"Amphibian","Anura","Rhacophoridae","Philautus","Philautus davidlabangi","Rhacophoridae",20,13.4335062108713,"no","no",NA,NA,0,0,NA,NA,NA,NA,NA,"0","0","0",0,0,0,0,0,0,"0","0","0",0,0,NA,NA,0,0
"241","Philautus davidlabangi","Malaysia","MY","DD",1,0,0,0,0,"not-trade",0,0,0,0,NA,"Amphibian","Anura","Rhacophoridae","Philautus","Philautus davidlabangi","Rhacophoridae",20,13.4335062108713,"no","no",NA,NA,0,0,NA,NA,NA,NA,NA,"0","0","0",0,0,0,0,0,0,"0","0","0",0,0,NA,NA,0,0
"242","Limnonectes jarujini","Malaysia","MY","LC",0,0,0,0,0,"unknown",0,0,0,0,"IUCN","Amphibian","Anura","Dicroglossidae","Limnonectes","Limnonectes jarujini","Dicroglossidae",65.245212808133,13.7724910889435,"no","no",NA,NA,0,0,NA,NA,NA,NA,NA,"0","0","0",0,0,0,0,0,0,"0","0","0",0,1,"DE","DE",1,0
"243","Limnonectes jarujini","Malaysia","MY","LC",0,0,0,0,0,"unknown",0,0,0,0,"IUCN","Amphibian","Anura","Dicroglossidae","Limnonectes","Limnonectes jarujini","Dicroglossidae",65.245212808133,13.7724910889435,"no","no",NA,NA,0,0,NA,NA,NA,NA,NA,"0","0","0",0,0,0,0,0,0,"0","0","0",0,1,"DE","DE",1,0
"244","Microhyla borneensis","Malaysia","MY","LC",0,0,0,0,0,"not-trade",0,0,0,0,NA,"Amphibian","Anura","Microhylidae","Microhyla","Microhyla borneensis","Microhylidae",25,14.4833158715683,"no","no",NA,NA,0,0,NA,NA,NA,NA,NA,"0","0","0",0,0,0,0,0,0,"0","0","0",0,0,NA,NA,0,0
"245","Alcalus baluensis","Malaysia","MY","LC",0,0,0,0,0,"not-trade",0,0,0,0,NA,"Amphibian","Anura","Ceratobatrachidae","Alcalus","Ingerana baluensis","Ceratobatrachidae",NA,75.8869515787739,"yes","yes",NA,NA,0,0,NA,NA,NA,NA,NA,"0","0","0",0,0,0,0,0,0,"0","0","0",0,0,NA,NA,0,0
"246","Leptobrachium abbotti","Malaysia","MY","LC",0,0,0,0,0,"not-trade",0,0,0,0,NA,"Amphibian","Anura","Megophryidae","Leptobrachium","Leptobrachium abbotti","Megophryidae",95,21.3847638496962,"no","no",NA,NA,0,0,NA,NA,NA,NA,NA,"0","0","0",0,0,0,0,0,0,"0","0","0",0,0,NA,NA,0,0
"247","Leptobrachium abbotti","Malaysia","MY","LC",0,0,0,0,0,"not-trade",0,0,0,0,NA,"Amphibian","Anura","Megophryidae","Leptobrachium","Leptobrachium abbotti","Megophryidae",95,21.3847638496962,"no","no",NA,NA,0,0,NA,NA,NA,NA,NA,"0","0","0",0,0,0,0,0,0,"0","0","0",0,0,NA,NA,0,0
"248","Leptolalax dringi","Malaysia","MY","NT",0,0,0,0,0,"not-trade",0,0,0,0,NA,"Amphibian","Anura","Megophryidae","Leptolalax","Leptolalax dringi","Megophryidae",48,27.1217730118923,"no","no",NA,NA,0,0,NA,NA,NA,NA,NA,"0","0","0",0,0,0,0,0,0,"0","0","0",0,0,NA,NA,0,0
"249","Leptolalax gracilis","Malaysia","MY","NT",0,0,0,0,0,"not-trade",0,0,0,0,NA,"Amphibian","Anura","Megophryidae","Leptolalax","Leptolalax gracilis","Megophryidae",48,55.4228313981387,"yes","yes",NA,NA,0,0,NA,NA,NA,NA,NA,"0","0","0",0,0,0,0,0,0,"0","0","0",0,0,NA,NA,0,0
"250","Meristogenys amoropalamus","Malaysia","MY","VU",1,1,0,0,0,"unknown",0,0,0,0,"IUCN","Amphibian","Anura","Ranidae","Meristogenys","Meristogenys amoropalamus","Ranidae",67.4,16.4361214897582,"no","no",NA,NA,0,0,NA,NA,NA,NA,NA,"0","0","0",0,0,0,0,0,0,"0","0","0",0,1,"DE","DE",1,0
"251","Meristogenys amoropalamus","Malaysia","MY","VU",1,1,0,0,0,"unknown",0,0,0,0,"IUCN","Amphibian","Anura","Ranidae","Meristogenys","Meristogenys amoropalamus","Ranidae",67.4,16.4361214897582,"no","no",NA,NA,0,0,NA,NA,NA,NA,NA,"0","0","0",0,0,0,0,0,0,"0","0","0",0,1,"DE","DE",1,0
"252","Meristogenys whiteheadi","Malaysia","MY","NT",0,0,0,0,0,"not-trade",0,0,0,0,NA,"Amphibian","Anura","Ranidae","Meristogenys","Meristogenys whiteheadi","Ranidae",79.7,9.01422876983955,"no","no",NA,NA,0,0,NA,NA,NA,NA,NA,"0","0","0",0,0,0,0,0,0,"0","0","0",0,0,NA,NA,0,0
"253","Rhacophorus angulirostris","Malaysia","MY","EN",1,1,0,0,0,"not-trade",0,0,0,0,NA,"Amphibian","Anura","Rhacophoridae","Rhacophorus","Rhacophorus angulirostris","Rhacophoridae",50,29.2742456806929,"no","no",NA,NA,0,0,NA,NA,NA,NA,NA,"0","0","0",0,0,0,0,0,0,"0","0","0",0,0,NA,NA,0,0
"254","Leptolalax hamidi","Malaysia","MY","VU",1,1,0,0,0,"not-trade",0,0,0,0,NA,"Amphibian","Anura","Megophryidae","Leptolalax","Leptolalax hamidi","Megophryidae",43,52.3782157671597,"yes","yes",NA,NA,0,0,NA,NA,NA,NA,NA,"0","0","0",0,0,0,0,0,0,"0","0","0",0,0,NA,NA,0,0
"255","Pelophryne guentheri","Malaysia","MY","VU",1,1,0,0,0,"not-trade",0,0,0,0,NA,"Amphibian","Anura","Bufonidae","Pelophryne","Pelophryne guentheri","Bufonidae",25,6.78269932745088,"no","no",NA,NA,0,0,NA,NA,NA,NA,NA,"0","0","0",0,0,0,0,0,0,"0","0","0",0,0,NA,NA,0,0
"256","Pelophryne guentheri","Malaysia","MY","VU",1,1,0,0,0,"not-trade",0,0,0,0,NA,"Amphibian","Anura","Bufonidae","Pelophryne","Pelophryne guentheri","Bufonidae",25,6.78269932745088,"no","no",NA,NA,0,0,NA,NA,NA,NA,NA,"0","0","0",0,0,0,0,0,0,"0","0","0",0,0,NA,NA,0,0
"257","Kalophrynus punctatus","Malaysia","MY","VU",1,1,0,0,0,"not-trade",0,0,0,0,NA,"Amphibian","Anura","Microhylidae","Kalophrynus","Kalophrynus punctatus","Microhylidae",28.3,15.1261728257386,"no","no",NA,NA,0,0,NA,NA,NA,NA,NA,"0","0","0",0,0,0,0,0,0,"0","0","0",0,0,NA,NA,0,0
"258","Leptobrachella mjobergi","Malaysia","MY","LC",0,0,0,0,0,"not-trade",0,0,0,0,NA,"Amphibian","Anura","Megophryidae","Leptobrachella","Leptobrachella mjobergi","Megophryidae",20,31.1844682497847,"no","no",NA,NA,0,0,NA,NA,NA,NA,NA,"0","0","0",0,0,0,0,0,0,"0","0","0",0,0,NA,NA,0,0
"259","Leptobrachella mjobergi","Malaysia","MY","LC",0,0,0,0,0,"not-trade",0,0,0,0,NA,"Amphibian","Anura","Megophryidae","Leptobrachella","Leptobrachella mjobergi","Megophryidae",20,31.1844682497847,"no","no",NA,NA,0,0,NA,NA,NA,NA,NA,"0","0","0",0,0,0,0,0,0,"0","0","0",0,0,NA,NA,0,0
"260","Rentapia everetti","Malaysia","MY","DD",1,0,0,0,0,"not-trade",0,0,0,0,NA,"Amphibian","Anura","Bufonidae","Rentapia","Pedostibes everetti","Bufonidae",NA,30.5441540287376,"no","no",NA,NA,0,0,NA,NA,NA,NA,NA,"0","0","0",0,0,0,0,0,0,"0","0","0",0,0,NA,NA,1,1
"261","Ingerophrynus parvus","Malaysia","MY","LC",0,0,0,0,0,"not-trade",0,0,0,0,NA,"Amphibian","Anura","Bufonidae","Ingerophrynus","Ingerophrynus parvus","Bufonidae",50,10.945635951516,"no","no",NA,NA,0,0,NA,NA,NA,NA,NA,"0","0","0",0,0,0,0,0,0,"0","0","0",0,0,NA,NA,0,0
"262","Kalophrynus baluensis","Malaysia","MY","NT",0,0,0,0,0,"not-trade",0,0,0,0,NA,"Amphibian","Anura","Microhylidae","Kalophrynus","Kalophrynus baluensis","Microhylidae",47,9.64999458446733,"no","no",NA,NA,0,0,NA,NA,NA,NA,NA,"0","0","0",0,0,0,0,0,0,"0","0","0",0,0,NA,NA,0,0
"263","Kalophrynus heterochirus","Malaysia","MY","LC",0,0,0,0,0,"not-trade",0,0,0,0,NA,"Amphibian","Anura","Microhylidae","Kalophrynus","Kalophrynus heterochirus","Microhylidae",33,10.9555079869347,"no","no",NA,NA,0,0,NA,NA,NA,NA,NA,"0","0","0",0,0,0,0,0,0,"0","0","0",0,0,NA,NA,0,0
"264","Kalophrynus heterochirus","Malaysia","MY","LC",0,0,0,0,0,"not-trade",0,0,0,0,NA,"Amphibian","Anura","Microhylidae","Kalophrynus","Kalophrynus heterochirus","Microhylidae",33,10.9555079869347,"no","no",NA,NA,0,0,NA,NA,NA,NA,NA,"0","0","0",0,0,0,0,0,0,"0","0","0",0,0,NA,NA,0,0
"265","Kalophrynus heterochirus","Malaysia","MY","LC",0,0,0,0,0,"not-trade",0,0,0,0,NA,"Amphibian","Anura","Microhylidae","Kalophrynus","Kalophrynus heterochirus","Microhylidae",33,10.9555079869347,"no","no",NA,NA,0,0,NA,NA,NA,NA,NA,"0","0","0",0,0,0,0,0,0,"0","0","0",0,0,NA,NA,0,0
"266","Fejervarya cancrivora","Malaysia","MY","LC",0,0,1,1,0,"prod",1,0,1,1,"IUCN","Amphibian","Anura","Dicroglossidae","Fejervarya","Fejervarya cancrivora","Dicroglossidae",113,15.8256637782903,"no","no",NA,NA,0,0,"Food - human",1,1,1,1,"0","0","0",0,0,0,0,0,0,"0","0","0",0,1,NA,NA,1,1
"267","Huia cavitympanum","Malaysia","MY","LC",0,0,0,0,0,"unknown",0,0,0,0,"IUCN","Amphibian","Anura","Ranidae","Huia","Huia cavitympanum","Ranidae",80,38.8879497005327,"no","no",NA,NA,0,0,"Food - human",0,0,1,1,"0","0","0",0,0,0,0,0,0,"0","0","0",0,1,"DE","DE",1,0
"268","Limnonectes palavanensis","Malaysia","MY","LC",0,0,0,0,0,"not-trade",0,0,0,0,NA,"Amphibian","Anura","Dicroglossidae","Limnonectes","Limnonectes palavanensis","Dicroglossidae",40,33.5377726655238,"no","no",NA,NA,0,0,NA,NA,NA,NA,NA,"0","0","0",0,0,0,0,0,0,"0","0","0",0,0,NA,NA,0,0
"269","Limnonectes rhacodus","Malaysia","MY","NT",0,0,0,0,0,"not-trade",0,0,0,0,NA,"Amphibian","Anura","Dicroglossidae","Limnonectes","Limnonectes rhacoda","Dicroglossidae",NA,7.46703168461756,"no","no",NA,NA,0,0,NA,NA,NA,NA,NA,"0","0","0",0,0,0,0,0,0,"0","0","0",0,0,NA,NA,0,0
"270","Meristogenys jerboa","Malaysia","MY","VU",1,1,0,0,0,"not-trade",0,0,0,0,NA,"Amphibian","Anura","Ranidae","Meristogenys","Meristogenys jerboa","Ranidae",88.7,8.52983334062909,"no","no",NA,NA,0,0,NA,NA,NA,NA,NA,"0","0","0",0,0,0,0,0,0,"0","0","0",0,0,NA,NA,0,0
"271","Meristogenys kinabaluensis","Malaysia","MY","NT",0,0,0,0,0,"not-trade",0,0,0,0,NA,"Amphibian","Anura","Ranidae","Meristogenys","Meristogenys kinabaluensis","Ranidae",92.8,32.8964294980327,"no","no",NA,NA,0,0,"Food - human",0,0,1,1,"0","0","0",0,0,0,0,0,0,"0","0","0",0,0,NA,NA,1,1
"272","Occidozyga baluensis","Malaysia","MY","NT",0,0,0,0,0,"not-trade",0,0,0,0,NA,"Amphibian","Anura","Dicroglossidae","Occidozyga","Occidozyga baluensis","Dicroglossidae",35,42.6229600841905,"no","no",NA,NA,0,0,NA,NA,NA,NA,NA,"0","0","0",0,0,0,0,0,0,"0","0","0",0,0,NA,NA,0,0
"273","Occidozyga laevis","Malaysia","MY","LC",0,0,0,0,0,"not-trade",0,0,0,0,NA,"Amphibian","Anura","Dicroglossidae","Occidozyga","Occidozyga laevis","Dicroglossidae",48,19.1699904747738,"no","no",NA,NA,0,0,NA,NA,NA,NA,NA,"0","0","0",0,0,0,0,0,0,"0","0","0",0,0,NA,NA,0,0
"274","Occidozyga lima","Malaysia","MY","LC",0,0,1,0,1,"pet",1,0,0,1,"IUCN","Amphibian","Anura","Dicroglossidae","Occidozyga","Occidozyga lima","Dicroglossidae",40,33.5148914095238,"no","no",NA,NA,0,0,"Pets/display animals, horticulture",1,0,0,1,"0","0","0",0,0,0,0,0,0,"0","0","0",0,0,NA,NA,1,1
"275","Occidozyga martensii","Malaysia","MY","LC",0,0,0,0,0,"not-trade",0,0,0,0,NA,"Amphibian","Anura","Dicroglossidae","Occidozyga","Occidozyga martensii","Dicroglossidae",33,22.0256900744238,"no","no",NA,NA,0,0,"Food - human, Other (free text)",0,0,1,1,"0","0","0",0,0,0,0,0,0,"0","0","0",0,0,NA,NA,0,0
"276","Ingerophrynus gollum","Malaysia","MY","DD",1,0,0,0,0,"not-trade",0,0,0,0,NA,"Amphibian","Anura","Bufonidae","Ingerophrynus","Ingerophrynus gollum","Bufonidae",55.0556051183739,12.692176062641,"no","no",NA,NA,0,0,NA,NA,NA,NA,NA,"0","0","0",0,0,0,0,0,0,"0","0","0",0,0,NA,NA,0,0
"277","Odorrana monjerai","Malaysia","MY","DD",1,0,0,0,0,"not-trade",0,0,0,0,NA,"Amphibian","Anura","Ranidae","Odorrana","Odorrana monjerai","Ranidae",75,6.79358675945638,"no","no",NA,NA,0,0,NA,NA,NA,NA,NA,"0","0","0",0,0,0,0,0,0,"0","0","0",0,0,NA,NA,0,0
"278","Pulchrana baramica","Malaysia","MY","LC",0,0,0,0,0,"not-trade",0,0,0,0,NA,"Amphibian","Anura","Ranidae","Pulchrana","Hylarana baramica","Ranidae",NA,17.4288986334714,"no","no",NA,NA,0,0,NA,NA,NA,NA,NA,"0","0","0",0,0,0,0,0,0,"0","0","0",0,0,NA,NA,0,0
